energy_keV,g4_10_per_primary,g4_11_per_primary,ratio,approx_ratio_error
1.0,0.00025,0.00026000000000000003,1.04,0.29131426329653004
3.0,0.00037000000000000005,0.00032,0.8648648648648648,0.20878387243184623
5.0,0.00031,0.00030000000000000003,0.9677419354838711,0.24784662200239502
7.0,0.00027,0.00029,1.074074074074074,0.2872416192035416
9.0,0.00033000000000000005,0.00030000000000000003,0.9090909090909091,0.2293295359588695
11.0,0.00029,0.00044,1.517241379310345,0.362903178044156
13.0,0.00032,0.00043000000000000004,1.34375,0.3137183282072072
15.0,0.00039000000000000005,0.0004900000000000001,1.2564102564102564,0.269614016071368
17.0,0.00035000000000000005,0.00051,1.457142857142857,0.3198396099505101
19.0,0.00028000000000000003,0.00037000000000000005,1.3214285714285714,0.3309942835510007
21.0,0.00032,0.00037000000000000005,1.15625,0.2791260950773413
23.0,0.00041000000000000005,0.00041000000000000005,1.0,0.22086305214969307
25.0,0.0004,0.00047000000000000004,1.175,0.252765949051687
27.0,0.00031,0.00038,1.2258064516129032,0.2966701170263199
29.0,0.00038,0.00038,1.0,0.22941573387056177
31.0,0.00046,0.00044,0.9565217391304348,0.2017022976610065
33.0,0.00045000000000000004,0.00035000000000000005,0.7777777777777778,0.1752912528325812
35.0,0.00030000000000000003,0.00046,1.5333333333333332,0.3598353532957559
37.0,0.00034,0.00039000000000000005,1.147058823529412,0.2691382089824794
39.0,0.00031,0.00035000000000000005,1.1290322580645162,0.27846040419367074
41.0,0.00032,0.00041000000000000005,1.28125,0.3022236114669484
43.0,0.00035000000000000005,0.00038,1.0857142857142856,0.2543613737476869
45.0,0.0004,0.00030000000000000003,0.75,0.181142209327368
47.0,0.00045000000000000004,0.0004,0.8888888888888888,0.19316155274674515
49.0,0.00031,0.00038,1.2258064516129032,0.2966701170263199
51.0,0.00041000000000000005,0.00038,0.9268292682926829,0.20870341664298278
53.0,0.00043000000000000004,0.00033000000000000005,0.7674418604651163,0.1776074106496054
55.0,0.00028000000000000003,0.00043000000000000004,1.5357142857142858,0.3729291704610381
57.0,0.00038,0.00046,1.2105263157894737,0.26536470817032914
59.0,0.00036,0.00043000000000000004,1.1944444444444444,0.26983235409070006
61.0,0.00036,0.00043000000000000004,1.1944444444444444,0.26983235409070006
63.0,0.00046,0.00039000000000000005,0.8478260869565218,0.1845461625224178
65.0,0.00037000000000000005,0.00039000000000000005,1.054054054054054,0.2419003593687956
67.0,0.0004,0.00046,1.15,0.2486211978090364
69.0,0.00039000000000000005,0.0005300000000000001,1.358974358974359,0.28670478282632555
71.0,0.00035000000000000005,0.00039000000000000005,1.1142857142857143,0.2594454727929737
73.0,0.00048000000000000007,0.00037000000000000005,0.7708333333333334,0.1686352919463029
75.0,0.0004900000000000001,0.0005,1.020408163265306,0.205120222732803
77.0,0.00047000000000000004,0.00044,0.9361702127659574,0.1963813528455576
79.0,0.00055,0.00045000000000000004,0.8181818181818182,0.1644607334060529
81.0,0.00046,0.0005200000000000001,1.1304347826086958,0.2288115600388168
83.0,0.0005600000000000001,0.0006100000000000001,1.0892857142857144,0.20159316711921194
85.0,0.00042,0.00045000000000000004,1.0714285714285714,0.22987510869528185
87.0,0.00054,0.00045000000000000004,0.8333333333333334,0.1682027974498607
89.0,0.0005300000000000001,0.00048000000000000007,0.9056603773584906,0.18045441051169903
91.0,0.00068,0.0005300000000000001,0.7794117647058825,0.14281283842373702
93.0,0.00063,0.00063,1.0,0.17817416127494962
95.0,0.0005600000000000001,0.0005200000000000001,0.9285714285714286,0.17882634865634575
97.0,0.00071,0.00067,0.9436619718309859,0.16072721571652057
99.0,0.0005700000000000001,0.0006000000000000001,1.0526315789473684,0.19469566083995096
101.0,0.0007000000000000001,0.00055,0.7857142857142857,0.14157588699501636
103.0,0.00075,0.0005600000000000001,0.7466666666666667,0.13186749803130807
105.0,0.0006600000000000001,0.0005,0.7575757575757575,0.14203588887289273
107.0,0.0006100000000000001,0.0005300000000000001,0.8688524590163935,0.16315320440451894
109.0,0.00068,0.0007400000000000001,1.0882352941176472,0.18280861695648723
111.0,0.00064,0.00058,0.9062499999999999,0.16429485035010227
113.0,0.0006900000000000001,0.00058,0.8405797101449275,0.14974151444600609
115.0,0.00063,0.00059,0.9365079365079365,0.16966610775706847
117.0,0.00076,0.0006000000000000001,0.7894736842105263,0.13634043991495526
119.0,0.0008300000000000001,0.0007000000000000001,0.8433734939759037,0.13686033441559947
121.0,0.0008900000000000001,0.00064,0.7191011235955056,0.11785572734014428
123.0,0.0007400000000000001,0.00068,0.9189189189189189,0.15436578612249757
125.0,0.0006100000000000001,0.00079,1.2950819672131146,0.2207409010438874
127.0,0.0007700000000000001,0.00079,1.025974025974026,0.16430082988413444
129.0,0.00088,0.0006900000000000001,0.7840909090909092,0.12608120862481656
131.0,0.0008700000000000001,0.00076,0.8735632183908045,0.1371581818125195
133.0,0.0006100000000000001,0.0008,1.3114754098360655,0.22292552459380235
135.0,0.00063,0.00088,1.3968253968253967,0.23052550683655632
137.0,0.0007700000000000001,0.00075,0.9740259740259739,0.15802155746833138
139.0,0.0007000000000000001,0.00075,1.0714285714285714,0.17806049353688924
141.0,0.00067,0.0006900000000000001,1.0298507462686568,0.17663704695250368
143.0,0.00072,0.0007400000000000001,1.027777777777778,0.17013495208345333
145.0,0.0008900000000000001,0.00079,0.8876404494382022,0.13720918242100663
147.0,0.0008600000000000001,0.0008100000000000001,0.9418604651162791,0.14583207932035808
149.0,0.00071,0.0009400000000000001,1.323943661971831,0.20817011198006244
151.0,0.00075,0.0005600000000000001,0.7466666666666667,0.13186749803130807
153.0,0.00072,0.0008600000000000001,1.1944444444444444,0.19080028736106366
155.0,0.00076,0.0008200000000000001,1.0789473684210527,0.1717968044033633
157.0,0.0008200000000000001,0.0009400000000000001,1.146341463414634,0.17322057748819678
159.0,0.00062,0.0008500000000000001,1.370967741935484,0.22897106069302678
161.0,0.0007400000000000001,0.0008100000000000001,1.0945945945945945,0.1760194983483018
163.0,0.00072,0.00101,1.4027777777777777,0.21636399601664508
165.0,0.00075,0.00071,0.9466666666666667,0.1567522225018174
167.0,0.0006900000000000001,0.0007000000000000001,1.0144927536231885,0.1721007583532268
169.0,0.0007400000000000001,0.001,1.351351351351351,0.2072177933163518
171.0,0.0007700000000000001,0.0007800000000000001,1.012987012987013,0.1627335365410602
173.0,0.00093,0.00064,0.6881720430107527,0.11176746231428789
175.0,0.0007400000000000001,0.0006500000000000001,0.8783783783783784,0.1493194903183524
177.0,0.0009100000000000001,0.0006600000000000001,0.7252747252747253,0.1172626502652075
179.0,0.0008100000000000001,0.0006900000000000001,0.8518518518518519,0.13955411487912073
181.0,0.0007300000000000001,0.0007300000000000001,1.0,0.1655211777204736
183.0,0.00079,0.00088,1.1139240506329113,0.17264695964181162
185.0,0.00067,0.0007300000000000001,1.0895522388059702,0.1843373092471885
187.0,0.00079,0.0007000000000000001,0.8860759493670888,0.14544591136165094
189.0,0.00076,0.0009100000000000001,1.1973684210526316,0.18606236775490603
191.0,0.0006100000000000001,0.0006500000000000001,1.0655737704918034,0.18995345550915246
193.0,0.0007000000000000001,0.0008600000000000001,1.2285714285714284,0.19777184487157592
195.0,0.0007000000000000001,0.0007000000000000001,1.0,0.1690308509457033
197.0,0.0007300000000000001,0.0007800000000000001,1.0684931506849316,0.1740008960670339
199.0,0.00063,0.0007800000000000001,1.2380952380952381,0.20972298648112228
201.0,0.00076,0.0008100000000000001,1.0657894736842106,0.17020485628780105
203.0,0.0007400000000000001,0.00084,1.135135135135135,0.18097584242824638
205.0,0.0008900000000000001,0.0007300000000000001,0.8202247191011236,0.12951913263400752
207.0,0.0007000000000000001,0.0007300000000000001,1.0428571428571427,0.17445458530047728
209.0,0.0008300000000000001,0.00064,0.7710843373493975,0.12827189649170154
211.0,0.0007000000000000001,0.00084,1.2,0.19420166249104487
213.0,0.0006500000000000001,0.0007400000000000001,1.1384615384615384,0.19353219620906453
215.0,0.0007000000000000001,0.0005700000000000001,0.8142857142857143,0.14527544964040404
217.0,0.0007000000000000001,0.00068,0.9714285714285713,0.16540435478877324
219.0,0.00072,0.00067,0.9305555555555556,0.15795961146633444
221.0,0.0008200000000000001,0.0007800000000000001,0.9512195121951219,0.1504480330252572
223.0,0.0008100000000000001,0.0007400000000000001,0.9135802469135803,0.14691095457328165
225.0,0.00079,0.0008,1.0126582278481013,0.16062121942658455
227.0,0.0007700000000000001,0.0009500000000000001,1.2337662337662338,0.18918641096925523
229.0,0.00075,0.0008600000000000001,1.1466666666666667,0.18116331899186477
231.0,0.0008,0.0008200000000000001,1.0250000000000001,0.161075486961859
233.0,0.0008300000000000001,0.0006000000000000001,0.7228915662650602,0.1224972968888983
235.0,0.0009800000000000002,0.0008,0.8163265306122448,0.12300305020250137
237.0,0.00076,0.00092,1.2105263157894737,0.18764118463482898
239.0,0.00071,0.0007800000000000001,1.0985915492957747,0.18019922236001198
241.0,0.00084,0.0007400000000000001,0.880952380952381,0.14045120651035675
243.0,0.00097,0.0008300000000000001,0.8556701030927836,0.12794334395371146
245.0,0.0006000000000000001,0.0008300000000000001,1.3833333333333333,0.23441218840767236
247.0,0.0008600000000000001,0.0008700000000000001,1.0116279069767442,0.15382786094878959
249.0,0.0008500000000000001,0.00072,0.8470588235294118,0.1356712061023849
251.0,0.00062,0.00064,1.0322580645161292,0.18394488902380318
253.0,0.00075,0.00071,0.9466666666666667,0.1567522225018174
255.0,0.00064,0.0008200000000000001,1.28125,0.2137043651029677
257.0,0.00058,0.00064,1.103448275862069,0.20004509721582014
259.0,0.00064,0.0004900000000000001,0.7656250000000001,0.14533402478348154
261.0,0.0007400000000000001,0.00071,0.9594594594594593,0.15939166081672787
263.0,0.00068,0.0006000000000000001,0.8823529411764706,0.1562849798011933
265.0,0.0008200000000000001,0.0008700000000000001,1.0609756097560976,0.16329850171274407
267.0,0.00064,0.0007300000000000001,1.140625,0.19532226538087158
269.0,0.00076,0.0006500000000000001,0.855263157894737,0.14449267997971815
271.0,0.00071,0.00064,0.9014084507042254,0.15537078076966368
273.0,0.00067,0.00079,1.1791044776119404,0.19582934417712475
275.0,0.0007800000000000001,0.00071,0.9102564102564101,0.1493070808541782
277.0,0.0005700000000000001,0.00059,1.0350877192982455,0.19223953926050902
279.0,0.00068,0.00071,1.0441176470588234,0.17716307326528613
281.0,0.00059,0.0005600000000000001,0.9491525423728814,0.1770781255842659
283.0,0.0007000000000000001,0.00048000000000000007,0.6857142857142857,0.12850338335439923
285.0,0.00059,0.0006000000000000001,1.0169491525423728,0.18645373540758328
287.0,0.00064,0.0005700000000000001,0.8906250000000001,0.16220347419527
289.0,0.0006500000000000001,0.00063,0.9692307692307691,0.17135833140637186
291.0,0.00051,0.00046,0.9019607843137255,0.18340430216870948
293.0,0.00058,0.00054,0.9310344827586207,0.17606129863381312
295.0,0.0005600000000000001,0.00046,0.8214285714285714,0.16345453001346946
297.0,0.00044,0.00064,1.4545454545454546,0.28485434610932375
299.0,0.00058,0.00055,0.9482758620689655,0.17847548719215184
301.0,0.00059,0.00054,0.9152542372881356,0.17236857219549115
303.0,0.0006100000000000001,0.00047000000000000004,0.7704918032786885,0.149542988073463
305.0,0.00063,0.0004,0.6349206349206349,0.12836238678974318
307.0,0.00045000000000000004,0.0005200000000000001,1.1555555555555557,0.2352712003686556
309.0,0.0006500000000000001,0.00058,0.8923076923076922,0.16117456900273697
311.0,0.0007300000000000001,0.00054,0.7397260273972602,0.1327744313873037
313.0,0.0005200000000000001,0.0005,0.9615384615384615,0.19044960339620906
315.0,0.00048000000000000007,0.00064,1.3333333333333333,0.25458753860865774
317.0,0.00051,0.00054,1.0588235294117647,0.20674559510435508
319.0,0.00034,0.0005300000000000001,1.558823529411765,0.3425146765966437
321.0,0.00047000000000000004,0.00047000000000000004,1.0,0.20628424925175867
323.0,0.00045000000000000004,0.0005300000000000001,1.1777777777777778,0.23874385491125738
325.0,0.0005200000000000001,0.00054,1.0384615384615383,0.20176451931957345
327.0,0.0004900000000000001,0.00039000000000000005,0.7959183673469388,0.17079671738631846
329.0,0.00047000000000000004,0.0005200000000000001,1.1063829787234043,0.2226755236113309
331.0,0.0004,0.0005300000000000001,1.3250000000000002,0.2775168913778043
333.0,0.00048000000000000007,0.00048000000000000007,1.0,0.2041241452319315
335.0,0.00042,0.00042,1.0,0.2182178902359924
337.0,0.0004,0.0004900000000000001,1.225,0.2610375930780852
339.0,0.0005,0.00043000000000000004,0.8600000000000001,0.178863076122491
341.0,0.00047000000000000004,0.0005300000000000001,1.1276595744680853,0.22593897172417893
343.0,0.00045000000000000004,0.0005200000000000001,1.1555555555555557,0.2352712003686556
345.0,0.00044,0.00047000000000000004,1.0681818181818183,0.22407355807636195
347.0,0.00033000000000000005,0.00044,1.3333333333333333,0.30704412431455885
349.0,0.00051,0.00031,0.6078431372549019,0.13843072995310216
351.0,0.00039000000000000005,0.00039000000000000005,1.0,0.22645540682891913
353.0,0.00042,0.00044,1.0476190476190477,0.22599645575356603
355.0,0.00039000000000000005,0.00045000000000000004,1.1538461538461537,0.25243466281303595
357.0,0.00042,0.00031,0.738095238095238,0.17477058558457115
359.0,0.00048000000000000007,0.00036,0.7499999999999999,0.16535945694153692
361.0,0.00043000000000000004,0.00044,1.0232558139534884,0.2194235722610338
363.0,0.00042,0.00036,0.8571428571428572,0.1946814696769277
365.0,0.00035000000000000005,0.00039000000000000005,1.1142857142857143,0.2594454727929737
367.0,0.00034,0.00041000000000000005,1.2058823529411766,0.2797075469589056
369.0,0.00031,0.00039000000000000005,1.2580645161290325,0.3027183745433928
371.0,0.00025,0.00037000000000000005,1.4800000000000002,0.3831657604744976
373.0,0.00036,0.00038,1.0555555555555556,0.24550136265857134
375.0,0.00036,0.0004,1.1111111111111112,0.25526016207574487
377.0,0.0004,0.00042,1.05,0.2319752141932409
379.0,0.00029,0.00041000000000000005,1.413793103448276,0.34303935849414613
381.0,0.00038,0.00039000000000000005,1.0263157894736843,0.23393880718080037
383.0,0.00034,0.00035000000000000005,1.0294117647058825,0.2478792605768785
385.0,0.00039000000000000005,0.00037000000000000005,0.9487179487179487,0.21772622746606257
387.0,0.00030000000000000003,0.00033000000000000005,1.1,0.2774887385102322
389.0,0.00043000000000000004,0.00051,1.1860465116279069,0.24555361463401162
391.0,0.00029,0.00034,1.1724137931034484,0.2963553258344393
393.0,0.0004,0.00033000000000000005,0.8250000000000001,0.1940119197369069
395.0,0.00033000000000000005,0.00036,1.0909090909090908,0.2629086565386259
397.0,0.00029,0.00037000000000000005,1.2758620689655173,0.31642867518989276
399.0,0.00031,0.00036,1.1612903225806452,0.28454182389442273
401.0,0.00044,0.00024000000000000003,0.5454545454545455,0.13841433243342338
403.0,0.00025,0.00039000000000000005,1.56,0.39967987189749754
405.0,0.00033000000000000005,0.00026000000000000003,0.7878787878787878,0.20660544833293384
407.0,0.00028000000000000003,0.00025,0.8928571428571428,0.24568061587064058
409.0,0.00030000000000000003,0.00035000000000000005,1.1666666666666667,0.2902744550580696
411.0,0.00030000000000000003,0.00036,1.2,0.2966479394838265
413.0,0.00033000000000000005,0.00035000000000000005,1.0606060606060606,0.2573460867698763
415.0,0.00033000000000000005,0.00030000000000000003,0.9090909090909091,0.2293295359588695
417.0,0.00038,0.00036,0.9473684210526316,0.2203391731340086
419.0,0.00028000000000000003,0.00026000000000000003,0.9285714285714286,0.25289864757946384
421.0,0.00033000000000000005,0.0004,1.212121212121212,0.28504965250601566
423.0,0.00035000000000000005,0.00032,0.9142857142857143,0.2236198356671207
425.0,0.00034,0.00041000000000000005,1.2058823529411766,0.2797075469589056
427.0,0.00031,0.00034,1.0967741935483872,0.2723664410893543
429.0,0.00023,0.00028000000000000003,1.2173913043478262,0.34258816017064847
431.0,0.00033000000000000005,0.00039000000000000005,1.1818181818181819,0.27952949628574814
433.0,0.00038,0.00039000000000000005,1.0263157894736843,0.23393880718080037
435.0,0.00035000000000000005,0.00029,0.8285714285714284,0.20805919767606842
437.0,0.00036,0.0004,1.1111111111111112,0.25526016207574487
439.0,0.00046,0.00034,0.7391304347826088,0.16716590525091982
441.0,0.00029,0.00030000000000000003,1.0344827586206897,0.2693950653942351
443.0,0.00024000000000000003,0.00030000000000000003,1.25,0.3423265984407288
445.0,0.00028000000000000003,0.00027,0.9642857142857142,0.26009151226479227
447.0,0.00023,0.00037000000000000005,1.6086956521739133,0.42715425141262114
449.0,0.00030000000000000003,0.00022,0.7333333333333333,0.20584064314505618
451.0,0.00027,0.00030000000000000003,1.1111111111111112,0.2947490465756376
453.0,0.00032,0.00028000000000000003,0.875,0.22642776165920997
455.0,0.00041000000000000005,0.00024000000000000003,0.5853658536585366,0.15044803302525717
457.0,0.00018,0.00028000000000000003,1.5555555555555556,0.46994731631294523
459.0,0.00032,0.00019,0.59375,0.17196375549261825
461.0,0.00028000000000000003,0.00026000000000000003,0.9285714285714286,0.25289864757946384
463.0,0.00025,0.00031,1.24,0.33332266649599457
465.0,0.00026000000000000003,0.00037000000000000005,1.4230769230769231,0.36417582672654397
467.0,0.0002,0.00026000000000000003,1.3,0.3866522985836241
469.0,0.00035000000000000005,0.00026000000000000003,0.7428571428571429,0.19233110420396088
471.0,0.00019,0.0002,1.0526315789473684,0.33722277658799343
473.0,0.00035000000000000005,0.00028000000000000003,0.7999999999999999,0.20283702113484392
475.0,0.00028000000000000003,0.00027,0.9642857142857142,0.26009151226479227
477.0,0.00030000000000000003,0.00025,0.8333333333333333,0.22566773346211
479.0,0.00021,0.00027,1.2857142857142856,0.3740878118331298
481.0,0.00022,0.00021,0.9545454545454546,0.2912123935408066
483.0,0.00036,0.00016,0.4444444444444445,0.1335389361282959
485.0,0.00030000000000000003,0.00023,0.7666666666666666,0.21248093596402512
487.0,0.00031,0.00030000000000000003,0.9677419354838711,0.24784662200239502
489.0,0.00027,0.00027,1.0,0.27216552697590873
491.0,0.0002,0.00019,0.95,0.3043435558706641
493.0,0.0002,0.00028000000000000003,1.4000000000000001,0.40987803063838396
495.0,0.00024000000000000003,0.00036,1.4999999999999998,0.39528470752104744
497.0,0.00024000000000000003,0.00022,0.9166666666666665,0.27056610748302995
499.0,0.00019,0.00024000000000000003,1.2631578947368423,0.387890771506134
501.0,0.0004,0.00032,0.8,0.18973665961010278
503.0,0.00015000000000000001,0.00029,1.9333333333333331,0.6148772837518671
505.0,0.00033000000000000005,0.00026000000000000003,0.7878787878787878,0.20660544833293384
507.0,0.00028000000000000003,0.00034,1.2142857142857142,0.30988335998082067
509.0,0.00025,0.00018,0.7200000000000001,0.2225668438918969
511.0,0.0032300000000000002,0.0034600000000000004,1.0712074303405574,0.0828795386273829
513.0,0.00023,0.00022,0.9565217391304348,0.2852501249140104
515.0,0.00024000000000000003,0.00021,0.8749999999999999,0.2614562582918986
517.0,0.00028000000000000003,0.00012000000000000002,0.4285714285714286,0.1478711912876473
519.0,0.00021,0.00022,1.0476190476190477,0.3196072527749441
521.0,0.00030000000000000003,0.00024000000000000003,0.8,0.21908902300206645
523.0,0.00022,0.0002,0.9090909090909091,0.2808701730242385
525.0,0.00022,0.00018,0.8181818181818182,0.2600352516124343
527.0,0.00027,0.00030000000000000003,1.1111111111111112,0.2947490465756376
529.0,0.00023,0.00024000000000000003,1.0434782608695654,0.3044828218026599
531.0,0.0002,0.00017,0.85,0.28040149785619906
533.0,0.00021,0.00022,1.0476190476190477,0.3196072527749441
535.0,0.00018,0.00024000000000000003,1.3333333333333335,0.41573970964154905
537.0,0.00018,0.00025,1.3888888888888888,0.4293341896062826
539.0,0.00024000000000000003,0.00023,0.9583333333333333,0.2796378693291789
541.0,0.00024000000000000003,0.00015000000000000001,0.625,0.20571268393886977
543.0,0.00030000000000000003,0.00022,0.7333333333333333,0.20584064314505618
545.0,0.00019,0.00026000000000000003,1.368421052631579,0.4130118661425765
547.0,0.00021,0.00022,1.0476190476190477,0.3196072527749441
549.0,0.00013000000000000002,0.00018,1.3846153846153846,0.5039669668607712
551.0,0.00016,0.00034,2.125,0.6442352540027595
553.0,0.00018,0.00019,1.0555555555555556,0.3471913566528273
555.0,0.00019,0.00018,0.9473684210526316,0.3116066469681885
557.0,0.00022,0.00023,1.0454545454545454,0.3117713142138667
559.0,0.00024000000000000003,0.00025,1.0416666666666665,0.2976810451299001
561.0,0.00011,0.00022,2.0,0.7385489458759964
563.0,0.00017,0.00016,0.9411764705882353,0.32782613930316984
565.0,0.00022,0.00024000000000000003,1.090909090909091,0.32199602874013483
567.0,0.00019,0.00014000000000000001,0.736842105263158,0.259531804495772
569.0,0.00014000000000000001,0.00027,1.9285714285714284,0.6351579771810132
571.0,0.00023,0.00022,0.9565217391304348,0.2852501249140104
573.0,0.00014000000000000001,0.00021,1.5,0.5175491695067655
575.0,0.00016,0.00012000000000000002,0.75,0.28641098093474
577.0,0.0002,0.00017,0.85,0.28040149785619906
579.0,0.0002,0.00017,0.85,0.28040149785619906
581.0,0.00024000000000000003,0.00023,0.9583333333333333,0.2796378693291789
583.0,0.00027,0.00017,0.6296296296296297,0.19494188119056813
585.0,0.0002,0.00026000000000000003,1.3,0.3866522985836241
587.0,0.00032,0.00014000000000000001,0.4375,0.1401903003509872
589.0,0.00024000000000000003,0.0002,0.8333333333333333,0.252304196174791
591.0,0.00015000000000000001,0.00025,1.6666666666666665,0.5443310539518174
593.0,0.00025,0.00017,0.68,0.21376622745419824
595.0,0.00014000000000000001,0.00022,1.5714285714285714,0.5372427175954361
597.0,0.00017,0.0002,1.1764705882352942,0.3880989589705177
599.0,0.00028000000000000003,0.00025,0.8928571428571428,0.24568061587064058
601.0,0.00026000000000000003,0.00023,0.8846153846153846,0.2532222923800662
603.0,0.00017,0.00015000000000000001,0.8823529411764706,0.3125699596023866
605.0,0.00025,0.00013000000000000002,0.52,0.177808886167143
607.0,0.00014000000000000001,0.00013000000000000002,0.9285714285714286,0.3576526973126915
609.0,0.00021,0.00028000000000000003,1.3333333333333335,0.3849001794597505
611.0,0.00016,0.00012000000000000002,0.75,0.28641098093474
613.0,0.00014000000000000001,0.00019,1.357142857142857,0.47801521134170244
615.0,0.00017,0.00017,1.0,0.3429971702850177
617.0,0.00012000000000000002,0.0002,1.6666666666666665,0.6085806194501846
619.0,0.00034,0.00022,0.6470588235294117,0.1770463502486648
621.0,0.00015000000000000001,0.00017,1.1333333333333333,0.4014787481115099
623.0,0.00019,0.0002,1.0526315789473684,0.33722277658799343
625.0,0.00025,0.00019,0.76,0.2313093167168154
627.0,0.00014000000000000001,0.00015000000000000001,1.0714285714285714,0.39815536765564635
629.0,0.00014000000000000001,0.00011,0.7857142857142857,0.3165733072956851
631.0,0.00012000000000000002,0.00030000000000000003,2.5,0.8539125638299665
633.0,0.00018,0.00018,1.0,0.3333333333333333
635.0,0.00019,0.00026000000000000003,1.368421052631579,0.4130118661425765
637.0,0.0001,0.00013000000000000002,1.3,0.5468089245796927
639.0,0.00015000000000000001,0.00018,1.2,0.41952353926806063
641.0,0.00026000000000000003,0.00023,0.8846153846153846,0.2532222923800662
643.0,0.00022,0.00015000000000000001,0.6818181818181819,0.2283034478770458
645.0,0.00024000000000000003,9e-05,0.37499999999999994,0.14657549249448218
647.0,0.00022,0.00017,0.7727272727272727,0.24952998642391314
649.0,0.00017,0.00018,1.0588235294117647,0.3580938749618064
651.0,0.00018,0.0002,1.1111111111111112,0.36099238314107274
653.0,0.00023,0.00019,0.8260869565217391,0.25610006674167585
655.0,0.00012000000000000002,0.0002,1.6666666666666665,0.6085806194501846
657.0,0.00018,0.00015000000000000001,0.8333333333333334,0.29133579115837543
659.0,0.00014000000000000001,0.00016,1.1428571428571428,0.4182428884065142
661.0,0.00017,0.00021,1.2352941176470589,0.4030213594354584
663.0,0.00016,0.00018,1.125,0.38654115240165565
665.0,0.00023,0.00011,0.4782608695652174,0.1753250805395379
667.0,0.00018,0.00017,0.9444444444444444,0.3194108946418582
669.0,0.00016,0.00019,1.1875,0.4029311549446133
671.0,0.00018,0.00013000000000000002,0.7222222222222222,0.2628716586403405
673.0,0.0002,0.00027,1.3499999999999999,0.3982775414205527
675.0,0.00028000000000000003,0.00023,0.8214285714285714,0.23115961317636863
677.0,0.00013000000000000002,0.00017,1.3076923076923077,0.4818036209662078
679.0,0.00025,0.00013000000000000002,0.52,0.177808886167143
681.0,0.00015000000000000001,0.00019,1.2666666666666666,0.4375013227493231
683.0,0.00023,0.00021,0.9130434782608696,0.2755778018017682
685.0,0.00013000000000000002,0.00018,1.3846153846153846,0.5039669668607712
687.0,0.00017,0.00017,1.0,0.3429971702850177
689.0,0.00022,0.00024000000000000003,1.090909090909091,0.32199602874013483
691.0,0.00016,0.00011,0.6875,0.2692763740564701
693.0,0.00017,0.00014000000000000001,0.823529411764706,0.2972155193286147
695.0,0.00019,0.00022,1.1578947368421053,0.362637629658963
697.0,0.00015000000000000001,0.00017,1.1333333333333333,0.4014787481115099
699.0,0.0001,0.00022,2.2,0.8390470785361213
701.0,0.0002,0.00019,0.95,0.3043435558706641
703.0,0.00018,0.00021,1.1666666666666667,0.37474271008977894
705.0,0.0002,0.00013000000000000002,0.65,0.23157072353818822
707.0,0.00014000000000000001,0.00018,1.2857142857142856,0.4581621289927275
709.0,0.00019,0.0002,1.0526315789473684,0.33722277658799343
711.0,0.00022,0.00023,1.0454545454545454,0.3117713142138667
713.0,0.00027,9e-05,0.33333333333333337,0.12830005981991685
715.0,0.00015000000000000001,0.00017,1.1333333333333333,0.4014787481115099
717.0,0.00015000000000000001,0.0001,0.6666666666666666,0.2721655269759087
719.0,0.00013000000000000002,0.00016,1.2307692307692306,0.45956184234195496
721.0,0.00025,0.00018,0.7200000000000001,0.2225668438918969
723.0,0.00014000000000000001,0.00014000000000000001,1.0,0.37796447300922725
725.0,0.00015000000000000001,0.00014000000000000001,0.9333333333333333,0.346837564713363
727.0,0.00013000000000000002,0.00019,1.4615384615384615,0.526061793393914
729.0,0.00013000000000000002,0.0002,1.5384615384615383,0.5480963870726349
731.0,0.00016,0.00012000000000000002,0.75,0.28641098093474
733.0,0.00023,0.00021,0.9130434782608696,0.2755778018017682
735.0,0.00014000000000000001,0.00015000000000000001,1.0714285714285714,0.39815536765564635
737.0,0.0001,0.00012000000000000002,1.2000000000000002,0.5138093031466052
739.0,0.00016,7.000000000000001e-05,0.4375,0.19825902406952375
741.0,0.00018,0.00013000000000000002,0.7222222222222222,0.2628716586403405
743.0,0.00019,0.00015000000000000001,0.7894736842105263,0.2726808798299105
745.0,0.00023,9e-05,0.391304347826087,0.15385247598771878
747.0,0.00024000000000000003,0.0001,0.41666666666666663,0.15682763598105853
749.0,0.00016,0.00011,0.6875,0.2692763740564701
751.0,0.00015000000000000001,0.00018,1.2,0.41952353926806063
753.0,8e-05,9e-05,1.125,0.5466517401417469
755.0,0.00015000000000000001,0.00012000000000000002,0.8,0.30983866769659335
757.0,0.00019,0.00015000000000000001,0.7894736842105263,0.2726808798299105
759.0,0.00017,0.00014000000000000001,0.823529411764706,0.2972155193286147
761.0,0.00012000000000000002,0.00018,1.4999999999999998,0.5590169943749473
763.0,0.00013000000000000002,0.00022,1.692307692307692,0.5920117603919887
765.0,0.00021,0.00025,1.1904761904761905,0.35238708090521664
767.0,0.00022,0.00015000000000000001,0.6818181818181819,0.2283034478770458
769.0,0.00024000000000000003,9e-05,0.37499999999999994,0.14657549249448218
771.0,0.00021,0.00014000000000000001,0.6666666666666667,0.23002185311411807
773.0,0.00013000000000000002,0.00014000000000000001,1.0769230769230769,0.41479247735673097
775.0,0.00014000000000000001,0.00028000000000000003,2.0,0.6546536707079772
777.0,0.00017,0.00012000000000000002,0.7058823529411765,0.2661437304225524
779.0,0.00014000000000000001,0.00015000000000000001,1.0714285714285714,0.39815536765564635
781.0,0.00019,0.00011,0.5789473684210527,0.2193444088069712
783.0,0.00017,0.00013000000000000002,0.7647058823529412,0.28174675412902817
785.0,0.00024000000000000003,3.0000000000000004e-05,0.125,0.07654655446197431
787.0,9e-05,0.00016,1.777777777777778,0.7407407407407407
789.0,0.00017,0.00017,1.0,0.3429971702850177
791.0,0.00012000000000000002,0.00013000000000000002,1.0833333333333333,0.4336804165554443
793.0,0.00015000000000000001,0.00012000000000000002,0.8,0.30983866769659335
795.0,0.00013000000000000002,0.00014000000000000001,1.0769230769230769,0.41479247735673097
797.0,0.00017,0.00013000000000000002,0.7647058823529412,0.28174675412902817
799.0,0.00012000000000000002,0.0002,1.6666666666666665,0.6085806194501846
801.0,0.00013000000000000002,0.00013000000000000002,1.0,0.39223227027636803
803.0,0.00023,0.00014000000000000001,0.6086956521739131,0.2063351061985605
805.0,0.00016,0.00012000000000000002,0.75,0.28641098093474
807.0,0.00019,0.00011,0.5789473684210527,0.2193444088069712
809.0,0.00014000000000000001,0.00015000000000000001,1.0714285714285714,0.39815536765564635
811.0,0.00018,0.00013000000000000002,0.7222222222222222,0.2628716586403405
813.0,0.00023,0.00018,0.782608695652174,0.24628412949650433
815.0,0.00013000000000000002,0.00014000000000000001,1.0769230769230769,0.41479247735673097
817.0,0.00014000000000000001,0.00017,1.2142857142857142,0.43824125043862067
819.0,0.00015000000000000001,0.00018,1.2,0.41952353926806063
821.0,0.00014000000000000001,0.00016,1.1428571428571428,0.4182428884065142
823.0,0.00018,0.00022,1.222222222222222,0.3884477215445006
825.0,0.00014000000000000001,0.0002,1.4285714285714284,0.49780860888369255
827.0,0.00014000000000000001,0.00019,1.357142857142857,0.47801521134170244
829.0,0.00016,0.00011,0.6875,0.2692763740564701
831.0,0.00012000000000000002,0.0002,1.6666666666666665,0.6085806194501846
833.0,0.00025,0.0002,0.8,0.24000000000000002
835.0,0.00015000000000000001,0.00018,1.2,0.41952353926806063
837.0,0.0002,0.00012000000000000002,0.6000000000000001,0.21908902300206645
839.0,0.00017,0.00017,1.0,0.3429971702850177
841.0,0.00013000000000000002,0.00022,1.692307692307692,0.5920117603919887
843.0,0.00016,0.00012000000000000002,0.75,0.28641098093474
845.0,0.00011,0.00021,1.9090909090909092,0.7105515788497414
847.0,0.00016,0.00016,1.0,0.3535533905932738
849.0,0.00019,0.00012000000000000002,0.6315789473684211,0.23288475963416844
851.0,0.00019,0.00012000000000000002,0.6315789473684211,0.23288475963416844
853.0,0.00013000000000000002,0.00015000000000000001,1.1538461538461537,0.43722966158369625
855.0,0.0001,0.00011,1.1,0.48062459362791665
857.0,0.00015000000000000001,0.00015000000000000001,1.0,0.3651483716701107
859.0,0.00025,0.00021,0.84,0.24864432428672087
861.0,0.00012000000000000002,0.00012000000000000002,1.0,0.408248290463863
863.0,0.0001,0.00017,1.7,0.677495387438173
865.0,0.00017,8e-05,0.47058823529411764,0.20176304134412804
867.0,0.00012000000000000002,0.00017,1.4166666666666665,0.5341356811952613
869.0,0.00012000000000000002,0.00015000000000000001,1.25,0.48412291827592707
871.0,0.00021,0.00017,0.8095238095238095,0.26411150312210313
873.0,0.00019,0.00014000000000000001,0.736842105263158,0.259531804495772
875.0,0.00022,0.00024000000000000003,1.090909090909091,0.32199602874013483
877.0,0.00014000000000000001,0.00021,1.5,0.5175491695067655
879.0,0.00017,0.00012000000000000002,0.7058823529411765,0.2661437304225524
881.0,0.00019,9e-05,0.4736842105263158,0.1916769406316476
883.0,0.00019,0.00021,1.1052631578947367,0.349952613791773
885.0,0.00012000000000000002,0.00016,1.3333333333333333,0.5091750772173155
887.0,0.00012000000000000002,0.00018,1.4999999999999998,0.5590169943749473
889.0,0.00014000000000000001,0.00014000000000000001,1.0,0.37796447300922725
891.0,0.00016,0.00012000000000000002,0.75,0.28641098093474
893.0,0.00021,0.0002,0.9523809523809524,0.29756235287663035
895.0,0.00018,0.00018,1.0,0.3333333333333333
897.0,0.00015000000000000001,0.00016,1.0666666666666667,0.3833574871617391
899.0,0.00013000000000000002,0.00014000000000000001,1.0769230769230769,0.41479247735673097
901.0,0.00015000000000000001,0.00014000000000000001,0.9333333333333333,0.346837564713363
903.0,0.00017,0.00013000000000000002,0.7647058823529412,0.28174675412902817
905.0,0.00017,0.00013000000000000002,0.7647058823529412,0.28174675412902817
907.0,0.00016,0.00014000000000000001,0.875,0.3202172114362375
909.0,0.00014000000000000001,0.00015000000000000001,1.0714285714285714,0.39815536765564635
911.0,0.00015000000000000001,0.00014000000000000001,0.9333333333333333,0.346837564713363
913.0,0.00013000000000000002,0.00011,0.846153846153846,0.3466465920917588
915.0,0.00011,0.00017,1.5454545454545454,0.598018264962828
917.0,0.0002,8e-05,0.4,0.16733200530681513
919.0,0.00013000000000000002,0.00014000000000000001,1.0769230769230769,0.41479247735673097
921.0,0.0001,0.00018,1.8,0.7099295739719539
923.0,0.00023,8e-05,0.34782608695652173,0.14276905548959704
925.0,0.00018,0.00023,1.2777777777777777,0.4021120509371937
927.0,0.00016,0.00014000000000000001,0.875,0.3202172114362375
929.0,0.00015000000000000001,0.00017,1.1333333333333333,0.4014787481115099
931.0,0.00018,0.00016,0.888888888888889,0.3054152315272341
933.0,0.00014000000000000001,0.00016,1.1428571428571428,0.4182428884065142
935.0,0.00011,0.00017,1.5454545454545454,0.598018264962828
937.0,0.00015000000000000001,0.00016,1.0666666666666667,0.3833574871617391
939.0,0.00019,9e-05,0.4736842105263158,0.1916769406316476
941.0,0.00013000000000000002,0.00016,1.2307692307692306,0.45956184234195496
943.0,0.00015000000000000001,0.00018,1.2,0.41952353926806063
945.0,0.00023,0.00014000000000000001,0.6086956521739131,0.2063351061985605
947.0,9e-05,0.00022,2.444444444444444,0.9672270264593034
949.0,0.00015000000000000001,0.00015000000000000001,1.0,0.3651483716701107
951.0,0.00014000000000000001,0.00015000000000000001,1.0714285714285714,0.39815536765564635
953.0,0.00012000000000000002,0.00018,1.4999999999999998,0.5590169943749473
955.0,0.00015000000000000001,0.00015000000000000001,1.0,0.3651483716701107
957.0,0.00023,0.00014000000000000001,0.6086956521739131,0.2063351061985605
959.0,0.00014000000000000001,0.00016,1.1428571428571428,0.4182428884065142
961.0,0.0002,0.00018,0.9,0.2924038303442689
963.0,0.0002,0.00019,0.95,0.3043435558706641
965.0,0.0002,0.00018,0.9,0.2924038303442689
967.0,0.00013000000000000002,8e-05,0.6153846153846153,0.27652831823782065
969.0,0.00018,0.00030000000000000003,1.6666666666666667,0.49690399499995325
971.0,0.00019,0.00014000000000000001,0.736842105263158,0.259531804495772
973.0,0.00012000000000000002,0.00018,1.4999999999999998,0.5590169943749473
975.0,0.0001,0.00019,1.9,0.7422937423958255
977.0,0.00011,0.00011,1.0,0.4264014327112209
979.0,0.00013000000000000002,0.00017,1.3076923076923077,0.4818036209662078
981.0,0.00017,0.0002,1.1764705882352942,0.3880989589705177
983.0,0.00013000000000000002,0.00011,0.846153846153846,0.3466465920917588
985.0,0.00016,0.00016,1.0,0.3535533905932738
987.0,0.00024000000000000003,0.00024000000000000003,1.0,0.2886751345948129
989.0,0.00018,0.00015000000000000001,0.8333333333333334,0.29133579115837543
991.0,0.00022,0.00015000000000000001,0.6818181818181819,0.2283034478770458
993.0,0.00021,0.00014000000000000001,0.6666666666666667,0.23002185311411807
995.0,0.00021,0.00016,0.761904761904762,0.2528319249844237
997.0,0.00026000000000000003,0.00019,0.7307692307692307,0.2205581119489203
999.0,0.00017,0.00013000000000000002,0.7647058823529412,0.28174675412902817
1001.0,0.00014000000000000001,0.00014000000000000001,1.0,0.37796447300922725
1003.0,0.00013000000000000002,0.00015000000000000001,1.1538461538461537,0.43722966158369625
1005.0,0.00022,0.00016,0.7272727272727273,0.23895590569918942
1007.0,0.00015000000000000001,0.00021,1.4,0.4732863826479693
1009.0,0.00017,0.00011,0.6470588235294117,0.25038134969031894
1011.0,0.00022,0.00017,0.7727272727272727,0.24952998642391314
1013.0,0.00019,0.00013000000000000002,0.6842105263157895,0.24627269552235867
1015.0,9e-05,0.00015000000000000001,1.6666666666666667,0.7027283689263065
1017.0,8e-05,0.00012000000000000002,1.5,0.6846531968814576
1019.0,0.00014000000000000001,0.00012000000000000002,0.8571428571428572,0.3371981967726185
1021.0,0.00016,0.00019,1.1875,0.4029311549446133
1023.0,0.00012000000000000002,0.00011,0.9166666666666665,0.3826382587209975
1025.0,0.00017,0.00018,1.0588235294117647,0.3580938749618064
1027.0,0.00015000000000000001,0.00018,1.2,0.41952353926806063
1029.0,0.00012000000000000002,0.00015000000000000001,1.25,0.48412291827592707
1031.0,0.00017,0.00018,1.0588235294117647,0.3580938749618064
1033.0,0.00013000000000000002,0.00017,1.3076923076923077,0.4818036209662078
1035.0,0.00023,0.00016,0.6956521739130435,0.2264647127693299
1037.0,0.00018,0.00012000000000000002,0.6666666666666667,0.24845199749997665
1039.0,0.00016,0.00012000000000000002,0.75,0.28641098093474
1041.0,0.00014000000000000001,0.00019,1.357142857142857,0.47801521134170244
1043.0,0.00022,0.00013000000000000002,0.5909090909090909,0.20671485021951677
1045.0,0.00022,0.00015000000000000001,0.6818181818181819,0.2283034478770458
1047.0,0.00012000000000000002,0.00017,1.4166666666666665,0.5341356811952613
1049.0,8e-05,0.00018,2.25,0.9560661587986472
1051.0,0.00013000000000000002,0.00025,1.923076923076923,0.6575772417423925
1053.0,0.00022,0.00017,0.7727272727272727,0.24952998642391314
1055.0,0.00019,0.00015000000000000001,0.7894736842105263,0.2726808798299105
1057.0,0.0002,0.00016,0.8,0.26832815729997483
1059.0,0.00018,0.00019,1.0555555555555556,0.3471913566528273
1061.0,0.00011,0.00018,1.6363636363636365,0.6262478152222358
1063.0,0.00023,0.00012000000000000002,0.5217391304347827,0.18579451607267472
1065.0,0.0001,0.00015000000000000001,1.5,0.6123724356957946
1067.0,0.00011,0.00015000000000000001,1.3636363636363638,0.5413065419442253
1069.0,0.00016,0.00016,1.0,0.3535533905932738
1071.0,0.00018,0.00018,1.0,0.3333333333333333
1073.0,8e-05,0.00011,1.375,0.6389077593831523
1075.0,0.00029,0.00014000000000000001,0.4827586206896552,0.1571090667218196
1077.0,0.00012000000000000002,0.00017,1.4166666666666665,0.5341356811952613
1079.0,0.00011,0.00014000000000000001,1.2727272727272727,0.5127964316525148
1081.0,0.00033000000000000005,0.00014000000000000001,0.4242424242424242,0.13531378334342928
1083.0,0.00013000000000000002,0.00015000000000000001,1.1538461538461537,0.43722966158369625
1085.0,0.00018,0.00013000000000000002,0.7222222222222222,0.2628716586403405
1087.0,0.00016,9e-05,0.5625,0.234375
1089.0,0.00013000000000000002,0.00014000000000000001,1.0769230769230769,0.41479247735673097
1091.0,0.00013000000000000002,0.00015000000000000001,1.1538461538461537,0.43722966158369625
1093.0,0.00024000000000000003,0.00015000000000000001,0.625,0.20571268393886977
1095.0,0.00019,0.00017,0.8947368421052632,0.29870693776639495
1097.0,0.00012000000000000002,0.0002,1.6666666666666665,0.6085806194501846
1099.0,0.00014000000000000001,0.00017,1.2142857142857142,0.43824125043862067
1101.0,0.00019,0.00014000000000000001,0.736842105263158,0.259531804495772
1103.0,0.00019,0.00017,0.8947368421052632,0.29870693776639495
1105.0,9e-05,0.0001,1.1111111111111112,0.5105203241514897
1107.0,0.00017,0.00015000000000000001,0.8823529411764706,0.3125699596023866
1109.0,0.00017,0.00022,1.2941176470588234,0.4178979703431624
1111.0,9e-05,0.00018,2.0,0.816496580927726
1113.0,0.00016,0.00016,1.0,0.3535533905932738
1115.0,0.00022,0.00018,0.8181818181818182,0.2600352516124343
1117.0,0.00019,6.000000000000001e-05,0.31578947368421056,0.14788197024974117
1119.0,0.00015000000000000001,0.00019,1.2666666666666666,0.4375013227493231
1121.0,0.00017,0.00019,1.1176470588235294,0.3731252752030054
1123.0,0.00015000000000000001,0.00016,1.0666666666666667,0.3833574871617391
1125.0,0.00013000000000000002,0.00012000000000000002,0.9230769230769231,0.36952650878097026
1127.0,0.00022,0.00024000000000000003,1.090909090909091,0.32199602874013483
1129.0,0.00019,0.00013000000000000002,0.6842105263157895,0.24627269552235867
1131.0,0.0002,0.00015000000000000001,0.75,0.25617376914899
1133.0,0.00016,0.00016,1.0,0.3535533905932738
1135.0,0.00018,0.00017,0.9444444444444444,0.3194108946418582
1137.0,0.00014000000000000001,0.0002,1.4285714285714284,0.49780860888369255
1139.0,0.0002,0.0002,1.0,0.316227766016838
1141.0,0.00016,0.0002,1.25,0.4192627457812106
1143.0,0.00017,0.00017,1.0,0.3429971702850177
1145.0,0.00019,0.00012000000000000002,0.6315789473684211,0.23288475963416844
1147.0,0.00012000000000000002,0.00015000000000000001,1.25,0.48412291827592707
1149.0,0.0001,0.00011,1.1,0.48062459362791665
1151.0,0.00023,0.00016,0.6956521739130435,0.2264647127693299
1153.0,0.00013000000000000002,0.00018,1.3846153846153846,0.5039669668607712
1155.0,0.00017,0.00012000000000000002,0.7058823529411765,0.2661437304225524
1157.0,0.00017,0.00015000000000000001,0.8823529411764706,0.3125699596023866
1159.0,0.00019,0.00012000000000000002,0.6315789473684211,0.23288475963416844
1161.0,0.00016,0.00021,1.3125,0.43554249577394855
1163.0,0.00013000000000000002,0.00015000000000000001,1.1538461538461537,0.43722966158369625
1165.0,0.00017,0.0002,1.1764705882352942,0.3880989589705177
1167.0,0.00013000000000000002,0.00012000000000000002,0.9230769230769231,0.36952650878097026
1169.0,0.00015000000000000001,0.00018,1.2,0.41952353926806063
1171.0,0.00021,0.00014000000000000001,0.6666666666666667,0.23002185311411807
1173.0,0.00018,0.00017,0.9444444444444444,0.3194108946418582
1175.0,0.00018,0.00022,1.222222222222222,0.3884477215445006
1177.0,0.00014000000000000001,0.00021,1.5,0.5175491695067655
1179.0,0.00018,0.00019,1.0555555555555556,0.3471913566528273
1181.0,0.00021,0.00016,0.761904761904762,0.2528319249844237
1183.0,0.00015000000000000001,0.00012000000000000002,0.8,0.30983866769659335
1185.0,7.000000000000001e-05,0.00016,2.2857142857142856,1.0358022481999607
1187.0,0.00015000000000000001,0.0002,1.3333333333333333,0.45542003404264886
1189.0,0.00025,0.00015000000000000001,0.6000000000000001,0.19595917942265426
1191.0,8e-05,0.00019,2.375,1.0009760861279353
1193.0,0.00025,0.00017,0.68,0.21376622745419824
1195.0,0.00016,0.00024000000000000003,1.5,0.4841229182759271
1197.0,0.00011,0.00026000000000000003,2.3636363636363638,0.8501557730600422
1199.0,0.00018,0.00018,1.0,0.3333333333333333
1201.0,0.00030000000000000003,0.00024000000000000003,0.8,0.21908902300206645
1203.0,0.00019,0.00012000000000000002,0.6315789473684211,0.23288475963416844
1205.0,0.00019,0.00019,1.0,0.3244428422615251
1207.0,0.00017,0.00011,0.6470588235294117,0.25038134969031894
1209.0,0.00024000000000000003,0.00012000000000000002,0.5,0.1767766952966369
1211.0,0.00017,0.00018,1.0588235294117647,0.3580938749618064
1213.0,0.00017,0.00021,1.2352941176470589,0.4030213594354584
1215.0,0.00018,0.00019,1.0555555555555556,0.3471913566528273
1217.0,0.00023,0.00012000000000000002,0.5217391304347827,0.18579451607267472
1219.0,0.00013000000000000002,0.00029,2.2307692307692304,0.7445752837752011
1221.0,0.00017,0.00016,0.9411764705882353,0.32782613930316984
1223.0,0.00017,0.00016,0.9411764705882353,0.32782613930316984
1225.0,0.00018,0.00023,1.2777777777777777,0.4021120509371937
1227.0,0.0002,0.00021,1.05,0.328062494046485
1229.0,0.00019,0.00015000000000000001,0.7894736842105263,0.2726808798299105
1231.0,0.00015000000000000001,0.00021,1.4,0.4732863826479693
1233.0,0.00023,0.0002,0.8695652173913043,0.2658627371152993
1235.0,0.00019,0.00021,1.1052631578947367,0.349952613791773
1237.0,0.00019,0.00016,0.8421052631578948,0.2857351126477036
1239.0,0.0001,0.00028000000000000003,2.8000000000000003,1.0315037566582104
1241.0,0.0001,0.00016,1.6,0.644980619863884
1243.0,0.00012000000000000002,6.000000000000001e-05,0.5,0.25
1245.0,0.0002,0.0002,1.0,0.316227766016838
1247.0,0.00018,0.00018,1.0,0.3333333333333333
1249.0,0.00021,0.00013000000000000002,0.6190476190476191,0.2184651627121909
1251.0,0.0002,0.00013000000000000002,0.65,0.23157072353818822
1253.0,0.00013000000000000002,0.00025,1.923076923076923,0.6575772417423925
1255.0,0.00018,0.0002,1.1111111111111112,0.36099238314107274
1257.0,0.00022,0.00019,0.8636363636363636,0.27047971964232576
1259.0,0.00023,0.00012000000000000002,0.5217391304347827,0.18579451607267472
1261.0,0.00015000000000000001,0.00011,0.7333333333333333,0.2911026292233389
1263.0,0.00022,0.00016,0.7272727272727273,0.23895590569918942
1265.0,0.00026000000000000003,0.00015000000000000001,0.5769230769230769,0.1870585381031489
1267.0,0.00025,0.00022,0.88,0.2572469630530165
1269.0,0.00028000000000000003,0.00018,0.6428571428571428,0.19421292153749267
1271.0,0.00026000000000000003,0.00019,0.7307692307692307,0.2205581119489203
1273.0,0.0002,0.00021,1.05,0.328062494046485
1275.0,0.00022,0.00019,0.8636363636363636,0.27047971964232576
1277.0,0.00018,0.0002,1.1111111111111112,0.36099238314107274
1279.0,0.00019,0.00017,0.8947368421052632,0.29870693776639495
1281.0,0.00025,0.00018,0.7200000000000001,0.2225668438918969
1283.0,0.00011,0.00025,2.2727272727272725,0.8223036670302645
1285.0,0.00015000000000000001,0.00025,1.6666666666666665,0.5443310539518174
1287.0,0.00015000000000000001,0.00022,1.4666666666666666,0.49110608343328954
1289.0,0.00019,0.00019,1.0,0.3244428422615251
1291.0,0.00018,0.00016,0.888888888888889,0.3054152315272341
1293.0,0.00011,0.00013000000000000002,1.1818181818181819,0.4841592897810516
1295.0,0.00017,0.00021,1.2352941176470589,0.4030213594354584
1297.0,0.00018,0.00016,0.888888888888889,0.3054152315272341
1299.0,0.00024000000000000003,0.00021,0.8749999999999999,0.2614562582918986
1301.0,0.00013000000000000002,0.00021,1.6153846153846152,0.5700777322844744
1303.0,0.00024000000000000003,0.00019,0.7916666666666666,0.243105153669643
1305.0,0.00019,0.00015000000000000001,0.7894736842105263,0.2726808798299105
1307.0,0.0002,0.00016,0.8,0.26832815729997483
1309.0,0.00015000000000000001,0.00018,1.2,0.41952353926806063
1311.0,0.00030000000000000003,0.0002,0.6666666666666666,0.19245008972987526
1313.0,0.00014000000000000001,0.0002,1.4285714285714284,0.49780860888369255
1315.0,0.00018,0.00018,1.0,0.3333333333333333
1317.0,0.00023,0.00027,1.1739130434782608,0.33310038160124944
1319.0,0.00014000000000000001,0.00013000000000000002,0.9285714285714286,0.3576526973126915
1321.0,0.0001,0.00017,1.7,0.677495387438173
1323.0,0.00024000000000000003,0.00023,0.9583333333333333,0.2796378693291789
1325.0,0.00035000000000000005,0.00022,0.6285714285714284,0.171019921094236
1327.0,0.00023,0.00024000000000000003,1.0434782608695654,0.3044828218026599
1329.0,0.00019,0.00019,1.0,0.3244428422615251
1331.0,0.00021,0.00024000000000000003,1.142857142857143,0.3414938883812554
1333.0,0.00018,0.00022,1.222222222222222,0.3884477215445006
1335.0,0.00017,0.0002,1.1764705882352942,0.3880989589705177
1337.0,0.00027,0.00024000000000000003,0.888888888888889,0.24937049230523656
1339.0,0.00021,0.00017,0.8095238095238095,0.26411150312210313
1341.0,0.00021,0.00018,0.8571428571428572,0.2753211747598376
1343.0,0.0002,0.00018,0.9,0.2924038303442689
1345.0,0.00024000000000000003,0.00027,1.1249999999999998,0.3156095293238149
1347.0,0.0002,0.00028000000000000003,1.4000000000000001,0.40987803063838396
1349.0,0.0002,0.00018,0.9,0.2924038303442689
1351.0,0.00023,0.00013000000000000002,0.5652173913043479,0.19612419431898584
1353.0,0.00019,0.0002,1.0526315789473684,0.33722277658799343
1355.0,0.00025,0.00019,0.76,0.2313093167168154
1357.0,0.00018,0.00021,1.1666666666666667,0.37474271008977894
1359.0,0.00022,0.00024000000000000003,1.090909090909091,0.32199602874013483
1361.0,0.00019,0.00018,0.9473684210526316,0.3116066469681885
1363.0,0.00022,0.00026000000000000003,1.1818181818181819,0.3423523169786444
1365.0,0.00018,0.00019,1.0555555555555556,0.3471913566528273
1367.0,0.00017,0.00012000000000000002,0.7058823529411765,0.2661437304225524
1369.0,0.00013000000000000002,0.00013000000000000002,1.0,0.39223227027636803
1371.0,0.0002,0.00022,1.1,0.3398529093593286
1373.0,0.00023,0.00016,0.6956521739130435,0.2264647127693299
1375.0,0.00031,0.00024000000000000003,0.7741935483870969,0.21049627984999433
1377.0,0.00021,0.0002,0.9523809523809524,0.29756235287663035
1379.0,0.00031,0.0002,0.6451612903225806,0.18503655967030375
1381.0,0.00014000000000000001,0.00017,1.2142857142857142,0.43824125043862067
1383.0,0.00031,0.00016,0.5161290322580646,0.1588789567866166
1385.0,0.00022,0.00030000000000000003,1.3636363636363638,0.38276152650940204
1387.0,0.00024000000000000003,0.00014000000000000001,0.5833333333333333,0.19617287349757687
1389.0,0.00022,0.00024000000000000003,1.090909090909091,0.32199602874013483
1391.0,0.0002,0.00026000000000000003,1.3,0.3866522985836241
1393.0,0.00022,0.00027,1.2272727272727273,0.35248926962263466
1395.0,0.00021,0.00018,0.8571428571428572,0.2753211747598376
1397.0,0.00022,0.00024000000000000003,1.090909090909091,0.32199602874013483
1399.0,0.00016,0.00017,1.0625,0.3700849775727191
1401.0,0.00013000000000000002,0.00024000000000000003,1.8461538461538463,0.635757444665718
1403.0,0.00029,0.00032,1.103448275862069,0.2829064895688571
1405.0,0.00027,0.00014000000000000001,0.5185185185185186,0.17076949729420932
1407.0,0.00022,0.00030000000000000003,1.3636363636363638,0.38276152650940204
1409.0,0.0002,0.00027,1.3499999999999999,0.3982775414205527
1411.0,0.00025,0.00022,0.88,0.2572469630530165
1413.0,0.00023,0.00023,1.0,0.29488391230979427
1415.0,0.00017,0.00019,1.1176470588235294,0.3731252752030054
1417.0,0.00018,0.00021,1.1666666666666667,0.37474271008977894
1419.0,0.00016,0.00022,1.375,0.45177600921253
1421.0,0.00015000000000000001,0.00024000000000000003,1.6,0.5266244708835067
1423.0,0.00025,0.00022,0.88,0.2572469630530165
1425.0,0.00025,0.00021,0.84,0.24864432428672087
1427.0,0.0002,0.00025,1.25,0.37500000000000006
1429.0,0.00021,0.00014000000000000001,0.6666666666666667,0.23002185311411807
1431.0,0.00025,0.00022,0.88,0.2572469630530165
1433.0,0.00023,0.00021,0.9130434782608696,0.2755778018017682
1435.0,0.00025,0.00019,0.76,0.2313093167168154
1437.0,0.00022,0.00029,1.3181818181818181,0.37269199591174373
1439.0,0.00017,0.00022,1.2941176470588234,0.4178979703431624
1441.0,0.00015000000000000001,0.00025,1.6666666666666665,0.5443310539518174
1443.0,0.00015000000000000001,0.00022,1.4666666666666666,0.49110608343328954
1445.0,0.00023,0.00018,0.782608695652174,0.24628412949650433
1447.0,0.00029,0.00030000000000000003,1.0344827586206897,0.2693950653942351
1449.0,0.00019,0.00024000000000000003,1.2631578947368423,0.387890771506134
1451.0,0.0002,0.00026000000000000003,1.3,0.3866522985836241
1453.0,0.00018,0.00027,1.5,0.4564354645876384
1455.0,0.00033000000000000005,0.00033000000000000005,1.0,0.24618298195866545
1457.0,0.00033000000000000005,0.00021,0.6363636363636362,0.17763789471243532
1459.0,0.00012000000000000002,0.00026000000000000003,2.1666666666666665,0.7561476438231223
1461.0,0.0002,0.00023,1.15,0.35160346983498336
1463.0,0.00028000000000000003,0.00019,0.6785714285714285,0.20169200460859144
1465.0,0.00030000000000000003,0.00025,0.8333333333333333,0.22566773346211
1467.0,0.00014000000000000001,0.00023,1.6428571428571428,0.55689424070938
1469.0,0.00032,0.00023,0.71875,0.1964808803118639
1471.0,0.00019,0.00032,1.6842105263157896,0.487786386771305
1473.0,0.00022,0.00025,1.1363636363636362,0.33218874361184975
1475.0,0.00031,0.00011,0.3548387096774194,0.12453127856382305
1477.0,0.00015000000000000001,0.00027,1.7999999999999998,0.5796550698475775
1479.0,0.00023,0.00025,1.0869565217391304,0.31405005152809357
1481.0,0.00023,0.00027,1.1739130434782608,0.33310038160124944
1483.0,0.00026000000000000003,0.00033000000000000005,1.2692307692307694,0.33283037460734466
1485.0,0.00026000000000000003,0.00024000000000000003,0.9230769230769231,0.2612947001872144
1487.0,0.00016,0.00029,1.8124999999999998,0.5644497458808888
1489.0,0.00027,0.00015000000000000001,0.5555555555555556,0.1789058857554252
1491.0,0.0002,0.00025,1.25,0.37500000000000006
1493.0,0.0002,0.00028000000000000003,1.4000000000000001,0.40987803063838396
1495.0,0.00022,0.00019,0.8636363636363636,0.27047971964232576
1497.0,0.00031,0.00019,0.6129032258064516,0.1785744256163425
1499.0,0.0002,0.00041000000000000005,2.0500000000000003,0.5591287865957182
1501.0,0.00029,0.00035000000000000005,1.2068965517241381,0.30305887889795946
1503.0,0.00015000000000000001,0.00026000000000000003,1.7333333333333334,0.5620069855899051
1505.0,0.00029,0.0002,0.6896551724137931,0.2004546065435103
1507.0,0.00022,0.00037000000000000005,1.6818181818181819,0.4527858503708106
1509.0,0.00034,0.00030000000000000003,0.8823529411764706,0.22102033803005275
1511.0,0.00030000000000000003,0.00025,0.8333333333333333,0.22566773346211
1513.0,0.00026000000000000003,0.00030000000000000003,1.1538461538461537,0.3091680586417309
1515.0,0.00027,0.00028000000000000003,1.0370370370370372,0.2797143286908054
1517.0,0.00028000000000000003,0.00017,0.6071428571428571,0.1866782283313847
1519.0,0.00025,0.00019,0.76,0.2313093167168154
1521.0,0.00024000000000000003,0.00033000000000000005,1.375,0.36887356686720363
1523.0,0.00025,0.00022,0.88,0.2572469630530165
1525.0,0.00026000000000000003,0.00036,1.3846153846153846,0.35635845976126745
1527.0,0.0002,0.00025,1.25,0.37500000000000006
1529.0,0.00028000000000000003,0.00022,0.7857142857142857,0.22385113233143167
1531.0,0.00024000000000000003,0.00025,1.0416666666666665,0.2976810451299001
1533.0,0.00033000000000000005,0.00039000000000000005,1.1818181818181819,0.27952949628574814
1535.0,0.00025,0.00033000000000000005,1.3200000000000003,0.3499942856676378
1537.0,0.00026000000000000003,0.00024000000000000003,0.9230769230769231,0.2612947001872144
1539.0,0.00027,0.00023,0.8518518518518519,0.24171481737594097
1541.0,0.00021,0.00028000000000000003,1.3333333333333335,0.3849001794597505
1543.0,0.00027,0.00032,1.1851851851851853,0.30971008596258076
1545.0,0.00030000000000000003,0.00034,1.1333333333333333,0.2838883452919344
1547.0,0.00032,0.00029,0.9062499999999999,0.23234800559317265
1549.0,0.00019,0.00023,1.2105263157894737,0.37528236926965797
1551.0,0.00016,0.00030000000000000003,1.875,0.5804429881564597
1553.0,0.00017,0.00026000000000000003,1.5294117647058825,0.47703200723336875
1555.0,0.00029,0.00027,0.9310344827586207,0.24898827633695814
1557.0,0.00028000000000000003,0.00026000000000000003,0.9285714285714286,0.25289864757946384
1559.0,0.00028000000000000003,0.00030000000000000003,1.0714285714285714,0.2815383604351305
1561.0,0.00026000000000000003,0.00024000000000000003,0.9230769230769231,0.2612947001872144
1563.0,0.00028000000000000003,0.00029,1.0357142857142856,0.27440964993359174
1565.0,0.00027,0.00032,1.1851851851851853,0.30971008596258076
1567.0,0.00015000000000000001,0.00033000000000000005,2.2,0.6850790708621403
1569.0,0.00028000000000000003,0.00031,1.107142857142857,0.28864883281947745
1571.0,0.00024000000000000003,0.00017,0.7083333333333333,0.22454300297534363
1573.0,0.00028000000000000003,0.00018,0.6428571428571428,0.19421292153749267
1575.0,0.00032,0.00034,1.0625,0.261689597256941
1577.0,0.00032,0.00032,1.0,0.25
1579.0,0.00025,0.00024000000000000003,0.9600000000000001,0.274342851191716
1581.0,0.00027,0.00028000000000000003,1.0370370370370372,0.2797143286908054
1583.0,0.00029,0.00030000000000000003,1.0344827586206897,0.2693950653942351
1585.0,0.00022,0.00022,1.0,0.30151134457776363
1587.0,0.00031,0.00032,1.0322580645161292,0.2601373567866763
1589.0,0.00022,0.00026000000000000003,1.1818181818181819,0.3423523169786444
1591.0,0.00032,0.00035000000000000005,1.09375,0.26751396356662394
1593.0,0.00022,0.00030000000000000003,1.3636363636363638,0.38276152650940204
1595.0,0.00027,0.00031,1.1481481481481481,0.3022380909790706
1597.0,0.00032,0.00016,0.5,0.15309310892394862
1599.0,0.00022,0.00029,1.3181818181818181,0.37269199591174373
1601.0,0.00019,0.00029,1.526315789473684,0.4504942127480581
1603.0,0.00028000000000000003,0.00030000000000000003,1.0714285714285714,0.2815383604351305
1605.0,0.00024000000000000003,0.00023,0.9583333333333333,0.2796378693291789
1607.0,0.00030000000000000003,0.00024000000000000003,0.8,0.21908902300206645
1609.0,0.0002,0.00026000000000000003,1.3,0.3866522985836241
1611.0,0.00025,0.00025,1.0,0.28284271247461906
1613.0,0.00031,0.00031,1.0,0.254000254000381
1615.0,0.00024000000000000003,0.0002,0.8333333333333333,0.252304196174791
1617.0,0.00028000000000000003,0.00031,1.107142857142857,0.28864883281947745
1619.0,0.00031,0.00029,0.935483870967742,0.24167519817552335
1621.0,0.00025,0.00025,1.0,0.28284271247461906
1623.0,0.00029,0.00026000000000000003,0.8965517241379312,0.24214249995096776
1625.0,0.00032,0.00037000000000000005,1.15625,0.2791260950773413
1627.0,0.00030000000000000003,0.00029,0.9666666666666666,0.25173472221839077
1629.0,0.00021,0.00019,0.9047619047619048,0.28646914643725635
1631.0,0.00028000000000000003,0.00031,1.107142857142857,0.28864883281947745
1633.0,0.00021,0.00029,1.380952380952381,0.39568998563753166
1635.0,0.00024000000000000003,0.00024000000000000003,1.0,0.2886751345948129
1637.0,0.0002,0.00026000000000000003,1.3,0.3866522985836241
1639.0,0.00024000000000000003,0.00013000000000000002,0.5416666666666666,0.1865330002578235
1641.0,0.00015000000000000001,0.00030000000000000003,2.0,0.6324555320336759
1643.0,0.00034,0.00023,0.676470588235294,0.18263456320193538
1645.0,0.00026000000000000003,0.00030000000000000003,1.1538461538461537,0.3091680586417309
1647.0,0.00026000000000000003,0.0002,0.7692307692307692,0.22878834235717402
1649.0,0.00027,0.00032,1.1851851851851853,0.30971008596258076
1651.0,0.00021,0.00023,1.0952380952380951,0.33056838356720036
1653.0,0.00028000000000000003,0.00022,0.7857142857142857,0.22385113233143167
1655.0,0.00027,0.00025,0.9259259259259259,0.2569958024032263
1657.0,0.00025,0.00017,0.68,0.21376622745419824
1659.0,0.00021,0.00024000000000000003,1.142857142857143,0.3414938883812554
1661.0,0.0002,0.00028000000000000003,1.4000000000000001,0.40987803063838396
1663.0,0.00027,0.00028000000000000003,1.0370370370370372,0.2797143286908054
1665.0,0.00035000000000000005,0.00021,0.6,0.165615734242165
1667.0,0.0002,0.00028000000000000003,1.4000000000000001,0.40987803063838396
1669.0,0.00032,0.00037000000000000005,1.15625,0.2791260950773413
1671.0,0.00019,0.00031,1.631578947368421,0.47537402497868453
1673.0,0.00026000000000000003,0.00022,0.846153846153846,0.24511615594328967
1675.0,0.00029,0.00031,1.0689655172413792,0.2761591741339809
1677.0,0.00029,0.00033000000000000005,1.137931034482759,0.28963818533508084
1679.0,0.00024000000000000003,0.00026000000000000003,1.0833333333333333,0.30665836341416136
1681.0,0.00027,0.00030000000000000003,1.1111111111111112,0.2947490465756376
1683.0,0.00025,0.00031,1.24,0.33332266649599457
1685.0,0.00031,0.00025,0.8064516129032259,0.21678113065556356
1687.0,0.00031,0.0002,0.6451612903225806,0.18503655967030375
1689.0,0.00022,0.00022,1.0,0.30151134457776363
1691.0,0.00022,0.00021,0.9545454545454546,0.2912123935408066
1693.0,0.00024000000000000003,0.00031,1.2916666666666665,0.351192578013619
1695.0,0.00024000000000000003,0.00024000000000000003,1.0,0.2886751345948129
1697.0,0.00027,0.00026000000000000003,0.962962962962963,0.26459337293297963
1699.0,0.00041000000000000005,0.00019,0.46341463414634143,0.1286105633570121
1701.0,0.00034,0.00029,0.8529411764705882,0.2156010631719407
1703.0,0.00025,0.00024000000000000003,0.9600000000000001,0.274342851191716
1705.0,0.00031,0.00030000000000000003,0.9677419354838711,0.24784662200239502
1707.0,0.00037000000000000005,0.00033000000000000005,0.8918918918918919,0.21355188234183342
1709.0,0.00024000000000000003,0.00026000000000000003,1.0833333333333333,0.30665836341416136
1711.0,0.00027,0.00027,1.0,0.27216552697590873
1713.0,0.0002,0.00027,1.3499999999999999,0.3982775414205527
1715.0,0.00030000000000000003,0.00030000000000000003,1.0,0.2581988897471611
1717.0,0.00034,0.00026000000000000003,0.7647058823529412,0.19922504042193473
1719.0,0.00029,0.00029,1.0,0.26261286571944514
1721.0,0.00033000000000000005,0.00022,0.6666666666666666,0.1834939608543934
1723.0,0.00021,0.00032,1.523809523809524,0.42794108343167164
1725.0,0.00028000000000000003,0.00034,1.2142857142857142,0.30988335998082067
1727.0,0.00027,0.00031,1.1481481481481481,0.3022380909790706
1729.0,0.00032,0.00024000000000000003,0.75,0.20252314682524564
1731.0,0.00021,0.00044,2.0952380952380953,0.5557175015014397
1733.0,0.00021,0.00046,2.1904761904761902,0.5768825138919111
1735.0,0.00027,0.00030000000000000003,1.1111111111111112,0.2947490465756376
1737.0,0.00034,0.00031,0.9117647058823529,0.22642227498864143
1739.0,0.00029,0.00030000000000000003,1.0344827586206897,0.2693950653942351
1741.0,0.00019,0.00026000000000000003,1.368421052631579,0.4130118661425765
1743.0,0.00035000000000000005,0.00034,0.9714285714285713,0.2339170818178543
1745.0,0.00034,0.00035000000000000005,1.0294117647058825,0.2478792605768785
1747.0,0.00045000000000000004,0.00028000000000000003,0.6222222222222222,0.14976891207229762
1749.0,0.00042,0.00033000000000000005,0.7857142857142858,0.18277368418541393
1751.0,0.00029,0.00038,1.3103448275862069,0.3230964623104404
1753.0,0.00044,0.0004,0.9090909090909091,0.19860520397847795
1755.0,0.00033000000000000005,0.00026000000000000003,0.7878787878787878,0.20660544833293384
1757.0,0.00030000000000000003,0.00027,0.8999999999999999,0.23874672772626643
1759.0,0.00037000000000000005,0.00037000000000000005,1.0,0.23249527748763857
1761.0,0.00026000000000000003,0.00033000000000000005,1.2692307692307694,0.33283037460734466
1763.0,0.00030000000000000003,0.00027,0.8999999999999999,0.23874672772626643
1765.0,0.00047000000000000004,0.00045000000000000004,0.9574468085106383,0.19968865125265153
1767.0,0.00038,0.00039000000000000005,1.0263157894736843,0.23393880718080037
1769.0,0.00027,0.00028000000000000003,1.0370370370370372,0.2797143286908054
1771.0,0.00037000000000000005,0.00038,1.027027027027027,0.23720281783972996
1773.0,0.00039000000000000005,0.00037000000000000005,0.9487179487179487,0.21772622746606257
1775.0,0.0004,0.00041000000000000005,1.0250000000000001,0.22779513822731162
1777.0,0.00030000000000000003,0.00031,1.0333333333333332,0.2646451152714462
1779.0,0.00037000000000000005,0.00034,0.9189189189189189,0.21830618830082058
1781.0,0.00028000000000000003,0.00051,1.8214285714285714,0.4284119601273696
1783.0,0.00037000000000000005,0.00031,0.8378378378378377,0.20400119768796673
1785.0,0.00043000000000000004,0.00021,0.4883720930232558,0.13001604500868982
1787.0,0.0004,0.00034,0.85,0.19827380058898356
1789.0,0.00033000000000000005,0.00032,0.9696969696969696,0.24058068530854457
1791.0,0.00042,0.00036,0.8571428571428572,0.1946814696769277
1793.0,0.00025,0.00033000000000000005,1.3200000000000003,0.3499942856676378
1795.0,0.00034,0.00044,1.2941176470588234,0.2954984886737449
1797.0,0.00029,0.00044,1.517241379310345,0.362903178044156
1799.0,0.00033000000000000005,0.00027,0.818181818181818,0.21231789386223351
1801.0,0.00044,0.00030000000000000003,0.6818181818181819,0.16143491616212857
1803.0,0.00041000000000000005,0.00039000000000000005,0.9512195121951219,0.212765648736674
1805.0,0.00030000000000000003,0.00045000000000000004,1.5,0.35355339059327373
1807.0,0.00033000000000000005,0.00034,1.0303030303030303,0.25177114214462143
1809.0,0.00046,0.00045000000000000004,0.9782608695652174,0.2051115920286211
1811.0,0.00037000000000000005,0.00042,1.135135135135135,0.2559384908239222
1813.0,0.00036,0.00031,0.861111111111111,0.2109912752797378
1815.0,0.00034,0.00032,0.9411764705882353,0.23180808615147716
1817.0,0.0004,0.00022,0.55,0.14598801320656432
1819.0,0.00031,0.00039000000000000005,1.2580645161290325,0.3027183745433928
1821.0,0.00039000000000000005,0.00037000000000000005,0.9487179487179487,0.21772622746606257
1823.0,0.00033000000000000005,0.00036,1.0909090909090908,0.2629086565386259
1825.0,0.00046,0.00039000000000000005,0.8478260869565218,0.1845461625224178
1827.0,0.00045000000000000004,0.00035000000000000005,0.7777777777777778,0.1752912528325812
1829.0,0.0004,0.00033000000000000005,0.8250000000000001,0.1940119197369069
1831.0,0.00027,0.00030000000000000003,1.1111111111111112,0.2947490465756376
1833.0,0.00030000000000000003,0.00032,1.0666666666666667,0.2710746787907006
1835.0,0.00026000000000000003,0.00035000000000000005,1.3461538461538463,0.3485289980027398
1837.0,0.00039000000000000005,0.00021,0.5384615384615384,0.14574322052789873
1839.0,0.00039000000000000005,0.00035000000000000005,0.8974358974358975,0.20895509807455148
1841.0,0.00030000000000000003,0.00032,1.0666666666666667,0.2710746787907006
1843.0,0.00039000000000000005,0.00033000000000000005,0.8461538461538461,0.20013650325784332
1845.0,0.00033000000000000005,0.0004,1.212121212121212,0.28504965250601566
1847.0,0.00036,0.0004,1.1111111111111112,0.25526016207574487
1849.0,0.00034,0.00024000000000000003,0.7058823529411765,0.18819203655207126
1851.0,0.00029,0.00038,1.3103448275862069,0.3230964623104404
1853.0,0.00035000000000000005,0.00027,0.7714285714285714,0.19759486779374014
1855.0,0.0004,0.00029,0.725,0.17682088394756995
1857.0,0.00035000000000000005,0.00030000000000000003,0.8571428571428571,0.2132628649406225
1859.0,0.00038,0.00043000000000000004,1.131578947368421,0.25194244651339287
1861.0,0.00024000000000000003,0.00041000000000000005,1.7083333333333333,0.43906795749211336
1863.0,0.00031,0.00028000000000000003,0.903225806451613,0.2354845836945581
1865.0,0.00032,0.00042,1.3125,0.3079750522566722
1867.0,0.00030000000000000003,0.00029,0.9666666666666666,0.25173472221839077
1869.0,0.00030000000000000003,0.00026000000000000003,0.8666666666666667,0.2322195640464557
1871.0,0.00031,0.00035000000000000005,1.1290322580645162,0.27846040419367074
1873.0,0.00029,0.00030000000000000003,1.0344827586206897,0.2693950653942351
1875.0,0.00031,0.00023,0.7419354838709677,0.20418237784517587
1877.0,0.00026000000000000003,0.00041000000000000005,1.5769230769230769,0.395338679900179
1879.0,0.00033000000000000005,0.00034,1.0303030303030303,0.25177114214462143
1881.0,0.0004,0.00033000000000000005,0.8250000000000001,0.1940119197369069
1883.0,0.00035000000000000005,0.00038,1.0857142857142856,0.2543613737476869
1885.0,0.00038,0.00035000000000000005,0.9210526315789475,0.2157844063995267
1887.0,0.00027,0.00037000000000000005,1.3703703703703705,0.3468527984478269
1889.0,0.00035000000000000005,0.00042,1.2,0.274642624930238
1891.0,0.00029,0.00041000000000000005,1.413793103448276,0.34303935849414613
1893.0,0.00028000000000000003,0.0004,1.4285714285714284,0.3520038430747008
1895.0,0.00026000000000000003,0.00038,1.4615384615384615,0.37198186143199313
1897.0,0.00028000000000000003,0.00031,1.107142857142857,0.28864883281947745
1899.0,0.00036,0.00026000000000000003,0.7222222222222222,0.18587833240634014
1901.0,0.00018,0.00030000000000000003,1.6666666666666667,0.49690399499995325
1903.0,0.00039000000000000005,0.00039000000000000005,1.0,0.22645540682891913
1905.0,0.00042,0.00037000000000000005,0.880952380952381,0.1986280010986109
1907.0,0.00031,0.00031,1.0,0.254000254000381
1909.0,0.00039000000000000005,0.00037000000000000005,0.9487179487179487,0.21772622746606257
1911.0,0.00030000000000000003,0.00026000000000000003,0.8666666666666667,0.2322195640464557
1913.0,0.00042,0.00033000000000000005,0.7857142857142858,0.18277368418541393
1915.0,0.00029,0.00031,1.0689655172413792,0.2761591741339809
1917.0,0.00033000000000000005,0.00030000000000000003,0.9090909090909091,0.2293295359588695
1919.0,0.00023,0.00036,1.565217391304348,0.41781641867056024
1921.0,0.00029,0.00032,1.103448275862069,0.2829064895688571
1923.0,0.00034,0.00034,1.0,0.24253562503633297
1925.0,0.00031,0.00033000000000000005,1.0645161290322582,0.26625907332727544
1927.0,0.00032,0.00032,1.0,0.25
1929.0,0.00029,0.00031,1.0689655172413792,0.2761591741339809
1931.0,0.00029,0.00029,1.0,0.26261286571944514
1933.0,0.00030000000000000003,0.00025,0.8333333333333333,0.22566773346211
1935.0,0.00031,0.00032,1.0322580645161292,0.2601373567866763
1937.0,0.00027,0.00034,1.2592592592592593,0.3246076344512761
1939.0,0.00023,0.00033000000000000005,1.4347826086956523,0.3897258647970254
1941.0,0.00034,0.00016,0.47058823529411764,0.14266801472725468
1943.0,0.00029,0.00022,0.7586206896551725,0.21448623783743634
1945.0,0.00023,0.00035000000000000005,1.5217391304347827,0.40846633151291306
1947.0,0.00036,0.00029,0.8055555555555555,0.20100271616752233
1949.0,0.00031,0.00027,0.8709677419354839,0.22927322406216702
1951.0,0.00041000000000000005,0.00021,0.5121951219512195,0.13744524097217276
1953.0,0.00038,0.00031,0.8157894736842105,0.1974376609849677
1955.0,0.00025,0.0004,1.6,0.4079215610874228
1957.0,0.00039000000000000005,0.00034,0.8717948717948718,0.20455211675459975
1959.0,0.0004,0.00027,0.6749999999999999,0.16812383828594923
1961.0,0.0004,0.00029,0.725,0.17682088394756995
1963.0,0.00034,0.00032,0.9411764705882353,0.23180808615147716
1965.0,0.00039000000000000005,0.00032,0.8205128205128205,0.19570740255241612
1967.0,0.00027,0.00026000000000000003,0.962962962962963,0.26459337293297963
1969.0,0.00035000000000000005,0.00034,0.9714285714285713,0.2339170818178543
1971.0,0.00021,0.00033000000000000005,1.5714285714285716,0.4386568420449934
1973.0,0.00031,0.00026000000000000003,0.838709677419355,0.22303938610784055
1975.0,0.00032,0.00025,0.78125,0.20853668460998653
1977.0,0.00026000000000000003,0.00028000000000000003,1.0769230769230769,0.29330257352411193
1979.0,0.00030000000000000003,0.00034,1.1333333333333333,0.2838883452919344
1981.0,0.00025,0.00038,1.52,0.39142815432720224
1983.0,0.00038,0.00021,0.5526315789473684,0.15026583820518238
1985.0,0.00030000000000000003,0.00023,0.7666666666666666,0.21248093596402512
1987.0,0.00033000000000000005,0.00030000000000000003,0.9090909090909091,0.2293295359588695
1989.0,0.00025,0.00029,1.16,0.3165817429985501
1991.0,0.00025,0.00034,1.36,0.35830713082493915
1993.0,0.00037000000000000005,0.00027,0.7297297297297296,0.18470101538967545
1995.0,0.00024000000000000003,0.00038,1.5833333333333333,0.4128295541028292
1997.0,0.00024000000000000003,0.00029,1.2083333333333333,0.33344182262288885
1999.0,0.00026000000000000003,0.00028000000000000003,1.0769230769230769,0.29330257352411193
2001.0,0.0004,0.00026000000000000003,0.65,0.16374522893812815
2003.0,0.00025,0.00031,1.24,0.33332266649599457
2005.0,0.00028000000000000003,0.00019,0.6785714285714285,0.20169200460859144
2007.0,0.00039000000000000005,0.00026000000000000003,0.6666666666666666,0.1687898945139444
2009.0,0.00028000000000000003,0.00027,0.9642857142857142,0.26009151226479227
2011.0,0.00027,0.00025,0.9259259259259259,0.2569958024032263
2013.0,0.00030000000000000003,0.00031,1.0333333333333332,0.2646451152714462
2015.0,0.00025,0.00024000000000000003,0.9600000000000001,0.274342851191716
2017.0,0.00030000000000000003,0.00021,0.7,0.1991649232838621
2019.0,0.00029,0.00030000000000000003,1.0344827586206897,0.2693950653942351
2021.0,0.00029,0.00029,1.0,0.26261286571944514
2023.0,0.00032,0.00044,1.375,0.3194538796915761
2025.0,0.00034,0.00026000000000000003,0.7647058823529412,0.19922504042193473
2027.0,0.00033000000000000005,0.00021,0.6363636363636362,0.17763789471243532
2029.0,0.00025,0.00031,1.24,0.33332266649599457
2031.0,0.00025,0.00024000000000000003,0.9600000000000001,0.274342851191716
2033.0,0.00023,0.00021,0.9130434782608696,0.2755778018017682
2035.0,0.00023,0.00025,1.0869565217391304,0.31405005152809357
2037.0,0.00032,0.00036,1.125,0.27332587007087344
2039.0,0.00032,0.00024000000000000003,0.75,0.20252314682524564
2041.0,0.00024000000000000003,0.00032,1.3333333333333333,0.36004114991154773
2043.0,0.0002,0.00030000000000000003,1.5,0.4330127018922194
2045.0,0.00025,0.00028000000000000003,1.12,0.3081817645481316
2047.0,0.00027,0.00024000000000000003,0.888888888888889,0.24937049230523656
2049.0,0.00033000000000000005,0.00022,0.6666666666666666,0.1834939608543934
2051.0,0.00028000000000000003,0.00031,1.107142857142857,0.28864883281947745
2053.0,0.00018,0.00022,1.222222222222222,0.3884477215445006
2055.0,0.00022,0.0004,1.8181818181818181,0.4826050023357498
2057.0,0.00027,0.00025,0.9259259259259259,0.2569958024032263
2059.0,0.00035000000000000005,0.00029,0.8285714285714284,0.20805919767606842
2061.0,0.00039000000000000005,0.00028000000000000003,0.717948717948718,0.1778359283846602
2063.0,0.00031,0.00023,0.7419354838709677,0.20418237784517587
2065.0,0.00021,0.00025,1.1904761904761905,0.35238708090521664
2067.0,0.00033000000000000005,0.00021,0.6363636363636362,0.17763789471243532
2069.0,0.00025,0.00027,1.08,0.2997599039231231
2071.0,0.00025,0.00026000000000000003,1.04,0.29131426329653004
2073.0,0.00025,0.00024000000000000003,0.9600000000000001,0.274342851191716
2075.0,0.00036,0.00028000000000000003,0.7777777777777778,0.19598157859737708
2077.0,0.00037000000000000005,0.00023,0.6216216216216216,0.16505814389866802
2079.0,0.00016,0.00022,1.375,0.45177600921253
2081.0,0.00038,0.00029,0.763157894736842,0.1881746016641831
2083.0,0.00034,0.00035000000000000005,1.0294117647058825,0.2478792605768785
2085.0,0.00018,0.00023,1.2777777777777777,0.4021120509371937
2087.0,0.00032,0.00031,0.9687499999999999,0.24413281237499598
2089.0,0.00029,0.00019,0.6551724137931034,0.19337504257080737
2091.0,0.00024000000000000003,0.00024000000000000003,1.0,0.2886751345948129
2093.0,0.00034,0.00017,0.5,0.14852213144650114
2095.0,0.00022,0.00030000000000000003,1.3636363636363638,0.38276152650940204
2097.0,0.00033000000000000005,0.00025,0.7575757575757575,0.20086908038776266
2099.0,0.00028000000000000003,0.00029,1.0357142857142856,0.27440964993359174
2101.0,0.00025,0.00030000000000000003,1.2000000000000002,0.32496153618543844
2103.0,0.00033000000000000005,0.00023,0.6969696969696969,0.18931587004373404
2105.0,0.00031,0.00022,0.7096774193548387,0.1978366431775813
2107.0,0.00026000000000000003,0.00033000000000000005,1.2692307692307694,0.33283037460734466
2109.0,0.0002,0.00034,1.7,0.47906158268013943
2111.0,0.00036,0.00024000000000000003,0.6666666666666667,0.17568209223157663
2113.0,0.00030000000000000003,0.00038,1.2666666666666666,0.30936015209413076
2115.0,0.00033000000000000005,0.00029,0.8787878787878787,0.2236783414754848
2117.0,0.00030000000000000003,0.00039000000000000005,1.3,0.3157002798013753
2119.0,0.00023,0.00030000000000000003,1.3043478260869565,0.3614987568386061
2121.0,0.00034,0.00038,1.1176470588235294,0.2638394123281419
2123.0,0.00029,0.0002,0.6896551724137931,0.2004546065435103
2125.0,0.00026000000000000003,0.00026000000000000003,1.0,0.2773500981126146
2127.0,0.00016,0.00032,2.0,0.6123724356957945
2129.0,0.00029,0.00030000000000000003,1.0344827586206897,0.2693950653942351
2131.0,0.00024000000000000003,0.00038,1.5833333333333333,0.4128295541028292
2133.0,0.00021,0.00024000000000000003,1.142857142857143,0.3414938883812554
2135.0,0.00030000000000000003,0.00021,0.7,0.1991649232838621
2137.0,0.00023,0.00027,1.1739130434782608,0.33310038160124944
2139.0,0.00027,0.0002,0.7407407407407408,0.21853363040908239
2141.0,0.00017,0.0002,1.1764705882352942,0.3880989589705177
2143.0,0.00017,0.00025,1.4705882352941175,0.4622972047019857
2145.0,0.00035000000000000005,0.00027,0.7714285714285714,0.19759486779374014
2147.0,0.00023,0.00026000000000000003,1.1304347826086958,0.32358841143464045
2149.0,0.00023,0.00025,1.0869565217391304,0.31405005152809357
2151.0,0.00027,0.00025,0.9259259259259259,0.2569958024032263
2153.0,0.0002,0.0002,1.0,0.316227766016838
2155.0,0.00021,0.00022,1.0476190476190477,0.3196072527749441
2157.0,0.00024000000000000003,0.00032,1.3333333333333333,0.36004114991154773
2159.0,0.00023,0.00024000000000000003,1.0434782608695654,0.3044828218026599
2161.0,0.00022,0.00017,0.7727272727272727,0.24952998642391314
2163.0,0.00017,0.00024000000000000003,1.411764705882353,0.447532075134249
2165.0,0.00021,0.00036,1.7142857142857144,0.47071684059880803
2167.0,0.00023,0.00029,1.2608695652173914,0.3520537030247371
2169.0,0.00021,0.00025,1.1904761904761905,0.35238708090521664
2171.0,0.00022,0.00017,0.7727272727272727,0.24952998642391314
2173.0,0.00022,0.00021,0.9545454545454546,0.2912123935408066
2175.0,0.00021,0.00021,1.0,0.3086066999241838
2177.0,0.00028000000000000003,0.00027,0.9642857142857142,0.26009151226479227
2179.0,0.00021,0.00026000000000000003,1.2380952380952381,0.3632508681003846
2181.0,0.00034,0.00019,0.5588235294117647,0.1600649929060055
2183.0,0.00023,0.0002,0.8695652173913043,0.2658627371152993
2185.0,0.00016,0.00023,1.4375,0.467968097870998
2187.0,0.00024000000000000003,0.00016,0.6666666666666666,0.2151657414559676
2189.0,0.00025,0.00019,0.76,0.2313093167168154
2191.0,0.00031,0.00018,0.5806451612903226,0.17206468819380652
2193.0,0.00026000000000000003,0.00021,0.8076923076923076,0.23697282963353486
2195.0,0.00016,0.00026000000000000003,1.625,0.516334738808072
2197.0,0.00022,0.00021,0.9545454545454546,0.2912123935408066
2199.0,0.00017,0.00024000000000000003,1.411764705882353,0.447532075134249
2201.0,0.00019,0.00026000000000000003,1.368421052631579,0.4130118661425765
2203.0,0.00019,0.00017,0.8947368421052632,0.29870693776639495
2205.0,0.00026000000000000003,0.00021,0.8076923076923076,0.23697282963353486
2207.0,0.00021,0.00019,0.9047619047619048,0.28646914643725635
2209.0,0.00018,0.00023,1.2777777777777777,0.4021120509371937
2211.0,0.00019,0.0002,1.0526315789473684,0.33722277658799343
2213.0,0.00026000000000000003,0.00019,0.7307692307692307,0.2205581119489203
2215.0,0.00022,0.00019,0.8636363636363636,0.27047971964232576
2217.0,0.00017,0.00025,1.4705882352941175,0.4622972047019857
2219.0,0.00022,0.00014000000000000001,0.6363636363636364,0.21756110051385427
2221.0,0.00028000000000000003,0.00023,0.8214285714285714,0.23115961317636863
2223.0,0.00016,0.00022,1.375,0.45177600921253
2225.0,0.00019,0.00016,0.8421052631578948,0.2857351126477036
2227.0,0.00013000000000000002,0.00023,1.7692307692307692,0.6139035431641626
2229.0,0.00024000000000000003,0.00027,1.1249999999999998,0.3156095293238149
2231.0,0.00023,0.00031,1.3478260869565217,0.37092488678490354
2233.0,0.0002,0.00015000000000000001,0.75,0.25617376914899
2235.0,0.00022,0.00027,1.2272727272727273,0.35248926962263466
2237.0,0.00029,0.00017,0.5862068965517242,0.17906321577978407
2239.0,0.00027,0.00026000000000000003,0.962962962962963,0.26459337293297963
2241.0,0.00033000000000000005,0.00023,0.6969696969696969,0.18931587004373404
2243.0,0.00028000000000000003,0.00030000000000000003,1.0714285714285714,0.2815383604351305
2245.0,0.00029,0.00015000000000000001,0.5172413793103449,0.1645034350109038
2247.0,0.00019,0.00019,1.0,0.3244428422615251
2249.0,0.00017,0.00022,1.2941176470588234,0.4178979703431624
2251.0,0.00019,0.00016,0.8421052631578948,0.2857351126477036
2253.0,0.00027,0.00024000000000000003,0.888888888888889,0.24937049230523656
2255.0,0.00021,0.00025,1.1904761904761905,0.35238708090521664
2257.0,0.00025,0.00024000000000000003,0.9600000000000001,0.274342851191716
2259.0,0.00014000000000000001,0.00018,1.2857142857142856,0.4581621289927275
2261.0,0.00028000000000000003,0.0002,0.7142857142857142,0.20912144420325712
2263.0,0.00028000000000000003,0.00018,0.6428571428571428,0.19421292153749267
2265.0,0.00019,0.00019,1.0,0.3244428422615251
2267.0,0.00022,0.00017,0.7727272727272727,0.24952998642391314
2269.0,0.00014000000000000001,0.00015000000000000001,1.0714285714285714,0.39815536765564635
2271.0,0.00016,0.0002,1.25,0.4192627457812106
2273.0,0.00030000000000000003,0.00026000000000000003,0.8666666666666667,0.2322195640464557
2275.0,0.00032,0.00017,0.53125,0.15944009087467617
2277.0,0.00026000000000000003,0.00014000000000000001,0.5384615384615384,0.17849826188163734
2279.0,0.00017,0.00025,1.4705882352941175,0.4622972047019857
2281.0,0.00017,0.0002,1.1764705882352942,0.3880989589705177
2283.0,0.00031,0.00021,0.6774193548387097,0.19145591062821102
2285.0,0.00017,0.00018,1.0588235294117647,0.3580938749618064
2287.0,0.00026000000000000003,0.00026000000000000003,1.0,0.2773500981126146
2289.0,0.00026000000000000003,0.00022,0.846153846153846,0.24511615594328967
2291.0,0.00016,0.00022,1.375,0.45177600921253
2293.0,0.00022,0.00022,1.0,0.30151134457776363
2295.0,0.00023,0.00019,0.8260869565217391,0.25610006674167585
2297.0,0.00025,0.00015000000000000001,0.6000000000000001,0.19595917942265426
2299.0,0.00016,0.00013000000000000002,0.8125,0.30338262248355624
2301.0,0.00017,0.00026000000000000003,1.5294117647058825,0.47703200723336875
2303.0,0.00019,0.00021,1.1052631578947367,0.349952613791773
2305.0,0.0002,0.00016,0.8,0.26832815729997483
2307.0,0.00018,0.0002,1.1111111111111112,0.36099238314107274
2309.0,0.00019,0.00011,0.5789473684210527,0.2193444088069712
2311.0,0.00017,0.00018,1.0588235294117647,0.3580938749618064
2313.0,0.0002,0.0002,1.0,0.316227766016838
2315.0,0.00022,0.00019,0.8636363636363636,0.27047971964232576
2317.0,0.00023,0.00016,0.6956521739130435,0.2264647127693299
2319.0,0.00015000000000000001,0.00018,1.2,0.41952353926806063
2321.0,0.00018,0.00025,1.3888888888888888,0.4293341896062826
2323.0,0.00022,0.00021,0.9545454545454546,0.2912123935408066
2325.0,0.00018,0.00017,0.9444444444444444,0.3194108946418582
2327.0,0.00025,0.00018,0.7200000000000001,0.2225668438918969
2329.0,0.00011,0.00018,1.6363636363636365,0.6262478152222358
2331.0,0.00021,0.00013000000000000002,0.6190476190476191,0.2184651627121909
2333.0,0.00021,0.00014000000000000001,0.6666666666666667,0.23002185311411807
2335.0,0.00019,0.00013000000000000002,0.6842105263157895,0.24627269552235867
2337.0,0.00016,0.00022,1.375,0.45177600921253
2339.0,0.00013000000000000002,0.00012000000000000002,0.9230769230769231,0.36952650878097026
2341.0,0.00017,0.00015000000000000001,0.8823529411764706,0.3125699596023866
2343.0,0.00026000000000000003,0.00012000000000000002,0.46153846153846156,0.16107287087356448
2345.0,0.00023,0.00016,0.6956521739130435,0.2264647127693299
2347.0,0.00018,0.00017,0.9444444444444444,0.3194108946418582
2349.0,0.00025,0.00016,0.64,0.20489997559785117
2351.0,0.0002,0.00018,0.9,0.2924038303442689
2353.0,0.00013000000000000002,0.00018,1.3846153846153846,0.5039669668607712
2355.0,0.00019,0.00023,1.2105263157894737,0.37528236926965797
2357.0,0.00018,0.00022,1.222222222222222,0.3884477215445006
2359.0,0.00013000000000000002,0.0002,1.5384615384615383,0.5480963870726349
2361.0,0.00019,0.00016,0.8421052631578948,0.2857351126477036
2363.0,0.0002,0.00021,1.05,0.328062494046485
2365.0,0.0002,0.00012000000000000002,0.6000000000000001,0.21908902300206645
2367.0,0.00021,0.00012000000000000002,0.5714285714285715,0.20678481841592738
2369.0,0.0002,0.00013000000000000002,0.65,0.23157072353818822
2371.0,0.00012000000000000002,7.000000000000001e-05,0.5833333333333333,0.2774303382699747
2373.0,0.00011,8e-05,0.7272727272727273,0.33793468264894005
2375.0,0.00014000000000000001,0.00012000000000000002,0.8571428571428572,0.3371981967726185
2377.0,0.00014000000000000001,0.00022,1.5714285714285714,0.5372427175954361
2379.0,0.00014000000000000001,0.00016,1.1428571428571428,0.4182428884065142
2381.0,0.00014000000000000001,0.00013000000000000002,0.9285714285714286,0.3576526973126915
2383.0,0.00017,0.00016,0.9411764705882353,0.32782613930316984
2385.0,9e-05,0.00014000000000000001,1.5555555555555556,0.664605868330606
2387.0,0.00012000000000000002,0.0001,0.8333333333333333,0.3568120160740313
2389.0,0.00016,0.00017,1.0625,0.3700849775727191
2391.0,0.00016,9e-05,0.5625,0.234375
2393.0,0.00016,0.00015000000000000001,0.9375,0.33693529145074724
2395.0,0.00015000000000000001,0.00017,1.1333333333333333,0.4014787481115099
2397.0,0.0001,0.00017,1.7,0.677495387438173
2399.0,0.00018,0.00022,1.222222222222222,0.3884477215445006
2401.0,7.000000000000001e-05,0.00018,2.571428571428571,1.1454053224818188
2403.0,0.00017,0.00012000000000000002,0.7058823529411765,0.2661437304225524
2405.0,3.0000000000000004e-05,9e-05,2.9999999999999996,1.9999999999999998
2407.0,0.0002,0.00018,0.9,0.2924038303442689
2409.0,8e-05,0.00011,1.375,0.6389077593831523
2411.0,0.00017,0.00016,0.9411764705882353,0.32782613930316984
2413.0,0.0001,0.00016,1.6,0.644980619863884
2415.0,0.00012000000000000002,0.00018,1.4999999999999998,0.5590169943749473
2417.0,0.00013000000000000002,0.00015000000000000001,1.1538461538461537,0.43722966158369625
2419.0,0.00018,0.00014000000000000001,0.7777777777777778,0.2771598064276994
2421.0,0.00018,0.00016,0.888888888888889,0.3054152315272341
2423.0,0.00014000000000000001,0.0002,1.4285714285714284,0.49780860888369255
2425.0,0.00017,0.00026000000000000003,1.5294117647058825,0.47703200723336875
2427.0,0.00024000000000000003,0.00017,0.7083333333333333,0.22454300297534363
2429.0,0.00011,0.00017,1.5454545454545454,0.598018264962828
2431.0,0.00017,0.00019,1.1176470588235294,0.3731252752030054
2433.0,0.00016,0.00013000000000000002,0.8125,0.30338262248355624
2435.0,0.00016,9e-05,0.5625,0.234375
2437.0,0.00012000000000000002,0.00013000000000000002,1.0833333333333333,0.4336804165554443
2439.0,0.0001,0.00021,2.1,0.8068457101577724
2441.0,0.00015000000000000001,0.00012000000000000002,0.8,0.30983866769659335
2443.0,0.00016,0.00018,1.125,0.38654115240165565
2445.0,0.00015000000000000001,0.00012000000000000002,0.8,0.30983866769659335
2447.0,0.00021,0.00012000000000000002,0.5714285714285715,0.20678481841592738
2449.0,0.0001,0.00016,1.6,0.644980619863884
2451.0,0.00018,0.00018,1.0,0.3333333333333333
2453.0,0.00013000000000000002,0.0002,1.5384615384615383,0.5480963870726349
2455.0,0.00021,8e-05,0.380952380952381,0.15827599425501268
2457.0,0.00011,0.00018,1.6363636363636365,0.6262478152222358
2459.0,0.00015000000000000001,0.00011,0.7333333333333333,0.2911026292233389
2461.0,0.00013000000000000002,0.00019,1.4615384615384615,0.526061793393914
2463.0,7.000000000000001e-05,0.0001,1.4285714285714284,0.7040076861494016
2465.0,9e-05,0.00015000000000000001,1.6666666666666667,0.7027283689263065
2467.0,0.00017,0.00017,1.0,0.3429971702850177
2469.0,0.00013000000000000002,0.00016,1.2307692307692306,0.45956184234195496
2471.0,0.00017,0.00015000000000000001,0.8823529411764706,0.3125699596023866
2473.0,0.00018,0.00013000000000000002,0.7222222222222222,0.2628716586403405
2475.0,0.00012000000000000002,0.00018,1.4999999999999998,0.5590169943749473
2477.0,0.00011,0.00015000000000000001,1.3636363636363638,0.5413065419442253
2479.0,9e-05,0.00011,1.222222222222222,0.5493480360811602
2481.0,0.00011,0.00014000000000000001,1.2727272727272727,0.5127964316525148
2483.0,0.0001,0.00011,1.1,0.48062459362791665
2485.0,0.00018,0.00011,0.611111111111111,0.2338764988947239
2487.0,0.00015000000000000001,0.00013000000000000002,0.8666666666666667,0.3284080569228652
2489.0,0.00015000000000000001,0.00016,1.0666666666666667,0.3833574871617391
2491.0,0.00014000000000000001,0.00011,0.7857142857142857,0.3165733072956851
2493.0,9e-05,0.00011,1.222222222222222,0.5493480360811602
2495.0,0.00011,0.00012000000000000002,1.090909090909091,0.45537115087457564
2497.0,0.00019,0.00013000000000000002,0.6842105263157895,0.24627269552235867
2499.0,0.00014000000000000001,8e-05,0.5714285714285714,0.2532586458365481
2501.0,0.0001,8e-05,0.8,0.37947331922020555
2503.0,0.00014000000000000001,0.00011,0.7857142857142857,0.3165733072956851
2505.0,0.00016,0.00012000000000000002,0.75,0.28641098093474
2507.0,0.00017,0.00017,1.0,0.3429971702850177
2509.0,0.00011,8e-05,0.7272727272727273,0.33793468264894005
2511.0,0.00013000000000000002,0.00012000000000000002,0.9230769230769231,0.36952650878097026
2513.0,0.00013000000000000002,0.00014000000000000001,1.0769230769230769,0.41479247735673097
2515.0,0.00015000000000000001,9e-05,0.6,0.25298221281347033
2517.0,0.00011,0.00012000000000000002,1.090909090909091,0.45537115087457564
2519.0,0.00012000000000000002,0.0001,0.8333333333333333,0.3568120160740313
2521.0,0.00016,0.0001,0.625,0.25194555463432966
2523.0,0.0001,0.00011,1.1,0.48062459362791665
2525.0,8e-05,0.00011,1.375,0.6389077593831523
2527.0,0.00011,0.00016,1.4545454545454546,0.5697086922186475
2529.0,0.00011,0.00016,1.4545454545454546,0.5697086922186475
2531.0,0.00011,7.000000000000001e-05,0.6363636363636364,0.30767785899150885
2533.0,8e-05,0.00013000000000000002,1.625,0.7302075903467452
2535.0,8e-05,0.00013000000000000002,1.625,0.7302075903467452
2537.0,0.0001,0.00013000000000000002,1.3,0.5468089245796927
2539.0,6.000000000000001e-05,8e-05,1.3333333333333333,0.7200822998230955
2541.0,9e-05,0.00015000000000000001,1.6666666666666667,0.7027283689263065
2543.0,0.00012000000000000002,0.00013000000000000002,1.0833333333333333,0.4336804165554443
2545.0,0.0001,0.00014000000000000001,1.4000000000000001,0.5796550698475776
2547.0,0.00015000000000000001,9e-05,0.6,0.25298221281347033
2549.0,0.0001,8e-05,0.8,0.37947331922020555
2551.0,0.00016,2e-05,0.125,0.09374999999999999
2553.0,0.00014000000000000001,8e-05,0.5714285714285714,0.2532586458365481
2555.0,8e-05,0.00012000000000000002,1.5,0.6846531968814576
2557.0,0.00012000000000000002,0.00015000000000000001,1.25,0.48412291827592707
2559.0,0.00013000000000000002,3.0000000000000004e-05,0.23076923076923078,0.14781060351238812
2561.0,9e-05,9e-05,1.0,0.47140452079103173
2563.0,8e-05,0.00013000000000000002,1.625,0.7302075903467452
2565.0,8e-05,0.0001,1.25,0.5929270612815711
2567.0,0.00013000000000000002,9e-05,0.6923076923076923,0.300204754886765
2569.0,8e-05,0.00012000000000000002,1.5,0.6846531968814576
2571.0,0.00012000000000000002,8e-05,0.6666666666666666,0.30429030972509225
2573.0,9e-05,8e-05,0.888888888888889,0.4319223625811333
2575.0,6.000000000000001e-05,0.00017,2.833333333333333,1.3454312264791481
2577.0,7.000000000000001e-05,0.00011,1.5714285714285714,0.7597759375096442
2579.0,7.000000000000001e-05,0.0001,1.4285714285714284,0.7040076861494016
2581.0,7.000000000000001e-05,8e-05,1.1428571428571428,0.5914847651505892
2583.0,7.000000000000001e-05,8e-05,1.1428571428571428,0.5914847651505892
2585.0,9e-05,0.00017,1.8888888888888888,0.7786591126529125
2587.0,7.000000000000001e-05,0.00015000000000000001,2.142857142857143,0.980866517607993
2589.0,0.0001,5e-05,0.5,0.2738612787525831
2591.0,7.000000000000001e-05,0.00011,1.5714285714285714,0.7597759375096442
2593.0,0.00011,0.00013000000000000002,1.1818181818181819,0.4841592897810516
2595.0,0.00013000000000000002,3.0000000000000004e-05,0.23076923076923078,0.14781060351238812
2597.0,9e-05,0.00011,1.222222222222222,0.5493480360811602
2599.0,0.0001,8e-05,0.8,0.37947331922020555
2601.0,0.00014000000000000001,0.00013000000000000002,0.9285714285714286,0.3576526973126915
2603.0,8e-05,7.000000000000001e-05,0.875,0.45285552331841994
2605.0,0.00011,0.00011,1.0,0.4264014327112209
2607.0,5e-05,8e-05,1.6,0.9121403400793106
2609.0,4e-05,0.00014000000000000001,3.5,1.9843134832984433
2611.0,0.00017,8e-05,0.47058823529411764,0.20176304134412804
2613.0,0.00014000000000000001,0.00013000000000000002,0.9285714285714286,0.3576526973126915
2615.0,0.00015000000000000001,7.000000000000001e-05,0.4666666666666667,0.21361093050129626
2617.0,0.00011,0.0001,0.9090909090909091,0.3972104079569559
2619.0,6.000000000000001e-05,0.00013000000000000002,2.1666666666666665,1.06935425305112
2621.0,8e-05,9e-05,1.125,0.5466517401417469
2623.0,0.00011,0.0001,0.9090909090909091,0.3972104079569559
2625.0,7.000000000000001e-05,0.0001,1.4285714285714284,0.7040076861494016
2627.0,0.00015000000000000001,0.00018,1.2,0.41952353926806063
2629.0,6.000000000000001e-05,0.00014000000000000001,2.333333333333333,1.1385500851066221
2631.0,6.000000000000001e-05,6.000000000000001e-05,1.0,0.5773502691896258
2633.0,6.000000000000001e-05,0.0001,1.6666666666666665,0.8606629658238704
2635.0,8e-05,7.000000000000001e-05,0.875,0.45285552331841994
2637.0,4e-05,7.000000000000001e-05,1.75,1.0968705484240153
2639.0,9e-05,8e-05,0.888888888888889,0.4319223625811333
2641.0,4e-05,0.00011,2.75,1.6056540723331412
2643.0,8e-05,8e-05,1.0,0.5
2645.0,9e-05,0.00015000000000000001,1.6666666666666667,0.7027283689263065
2647.0,8e-05,7.000000000000001e-05,0.875,0.45285552331841994
2649.0,0.00013000000000000002,5e-05,0.3846153846153846,0.2023980044554683
2651.0,7.000000000000001e-05,9e-05,1.2857142857142856,0.6479390965872467
2653.0,9e-05,7.000000000000001e-05,0.7777777777777778,0.39196315719475416
2655.0,0.00013000000000000002,8e-05,0.6153846153846153,0.27652831823782065
2657.0,5e-05,0.00012000000000000002,2.4000000000000004,1.2774975538137052
2659.0,6.000000000000001e-05,5e-05,0.8333333333333333,0.504608392349582
2661.0,9e-05,6.000000000000001e-05,0.6666666666666667,0.35136418446315326
2663.0,7.000000000000001e-05,6.000000000000001e-05,0.8571428571428572,0.4768702630835887
2665.0,4e-05,0.00012000000000000002,3.0,1.7320508075688772
2667.0,7.000000000000001e-05,0.0001,1.4285714285714284,0.7040076861494016
2669.0,5e-05,5e-05,1.0,0.632455532033676
2671.0,0.00012000000000000002,9e-05,0.7499999999999999,0.33071891388307384
2673.0,8e-05,5e-05,0.625,0.3563048203434806
2675.0,8e-05,8e-05,1.0,0.5
2677.0,3.0000000000000004e-05,3.0000000000000004e-05,1.0,0.816496580927726
2679.0,6.000000000000001e-05,7.000000000000001e-05,1.1666666666666665,0.6490734136415512
2681.0,8e-05,4e-05,0.5,0.30618621784789724
2683.0,6.000000000000001e-05,6.000000000000001e-05,1.0,0.5773502691896258
2685.0,8e-05,6.000000000000001e-05,0.75,0.4050462936504913
2687.0,5e-05,7.000000000000001e-05,1.4000000000000001,0.8197560612767679
2689.0,0.0001,0.00012000000000000002,1.2000000000000002,0.5138093031466052
2691.0,0.00011,5e-05,0.45454545454545453,0.24516358635026989
2693.0,0.00012000000000000002,5e-05,0.41666666666666663,0.22178776975932377
2695.0,4e-05,2e-05,0.5,0.4330127018922193
2697.0,6.000000000000001e-05,8e-05,1.3333333333333333,0.7200822998230955
2699.0,8e-05,9e-05,1.125,0.5466517401417469
2701.0,5e-05,7.000000000000001e-05,1.4000000000000001,0.8197560612767679
2703.0,4e-05,4e-05,1.0,0.7071067811865476
2705.0,0.0001,8e-05,0.8,0.37947331922020555
2707.0,7.000000000000001e-05,4e-05,0.5714285714285714,0.35816181173029066
2709.0,5e-05,3.0000000000000004e-05,0.6000000000000001,0.4381780460041329
2711.0,9e-05,0.0001,1.1111111111111112,0.5105203241514897
2713.0,6.000000000000001e-05,4e-05,0.6666666666666666,0.4303314829119352
2715.0,5e-05,0.0001,2.0,1.0954451150103324
2717.0,9e-05,7.000000000000001e-05,0.7777777777777778,0.39196315719475416
2719.0,4e-05,7.000000000000001e-05,1.75,1.0968705484240153
2721.0,9e-05,8e-05,0.888888888888889,0.4319223625811333
2723.0,5e-05,1e-05,0.2,0.21908902300206648
2725.0,8e-05,0.0,0.0,0.0
2727.0,6.000000000000001e-05,6.000000000000001e-05,1.0,0.5773502691896258
2729.0,6.000000000000001e-05,3.0000000000000004e-05,0.5,0.3535533905932738
2731.0,4e-05,5e-05,1.25,0.8385254915624212
2733.0,8e-05,8e-05,1.0,0.5
2735.0,7.000000000000001e-05,3.0000000000000004e-05,0.4285714285714286,0.2957423825752946
2737.0,7.000000000000001e-05,5e-05,0.7142857142857142,0.41824288840651425
2739.0,8e-05,9e-05,1.125,0.5466517401417469
2741.0,8e-05,7.000000000000001e-05,0.875,0.45285552331841994
2743.0,1e-05,1e-05,1.0,1.4142135623730951
2745.0,1e-05,0.0001,10.0,10.488088481701514
2747.0,5e-05,8e-05,1.6,0.9121403400793106
2749.0,5e-05,5e-05,1.0,0.632455532033676
2751.0,6.000000000000001e-05,3.0000000000000004e-05,0.5,0.3535533905932738
2753.0,6.000000000000001e-05,2e-05,0.3333333333333333,0.2721655269759086
2755.0,5e-05,2e-05,0.4,0.33466401061363027
2757.0,0.00012000000000000002,3.0000000000000004e-05,0.25,0.1613743060919757
2759.0,4e-05,5e-05,1.25,0.8385254915624212
2761.0,2e-05,4e-05,2.0,1.7320508075688774
2763.0,7.000000000000001e-05,4e-05,0.5714285714285714,0.35816181173029066
2765.0,4e-05,5e-05,1.25,0.8385254915624212
2767.0,4e-05,4e-05,1.0,0.7071067811865476
2769.0,7.000000000000001e-05,2e-05,0.2857142857142857,0.22908106449636376
2771.0,2e-05,3.0000000000000004e-05,1.5,1.3693063937629153
2773.0,3.0000000000000004e-05,4e-05,1.3333333333333333,1.018350154434631
2775.0,3.0000000000000004e-05,5e-05,1.6666666666666665,1.2171612389003692
2777.0,4e-05,4e-05,1.0,0.7071067811865476
2779.0,4e-05,4e-05,1.0,0.7071067811865476
2781.0,5e-05,6.000000000000001e-05,1.2000000000000002,0.7266360849833982
2783.0,6.000000000000001e-05,6.000000000000001e-05,1.0,0.5773502691896258
2785.0,3.0000000000000004e-05,6.000000000000001e-05,2.0,1.4142135623730951
2787.0,1e-05,6.000000000000001e-05,6.0,6.48074069840786
2789.0,6.000000000000001e-05,2e-05,0.3333333333333333,0.2721655269759086
2791.0,4e-05,3.0000000000000004e-05,0.75,0.57282196186948
2793.0,3.0000000000000004e-05,4e-05,1.3333333333333333,1.018350154434631
2795.0,4e-05,0.0,0.0,0.0
2797.0,3.0000000000000004e-05,2e-05,0.6666666666666666,0.6085806194501845
2799.0,4e-05,7.000000000000001e-05,1.75,1.0968705484240153
2801.0,5e-05,3.0000000000000004e-05,0.6000000000000001,0.4381780460041329
2803.0,3.0000000000000004e-05,4e-05,1.3333333333333333,1.018350154434631
2805.0,6.000000000000001e-05,3.0000000000000004e-05,0.5,0.3535533905932738
2807.0,6.000000000000001e-05,3.0000000000000004e-05,0.5,0.3535533905932738
2809.0,3.0000000000000004e-05,2e-05,0.6666666666666666,0.6085806194501845
2811.0,3.0000000000000004e-05,3.0000000000000004e-05,1.0,0.816496580927726
2813.0,0.0,2e-05,,
2815.0,0.0,2e-05,,
2817.0,1e-05,7.000000000000001e-05,7.0,7.4833147735478835
2819.0,1e-05,1e-05,1.0,1.4142135623730951
2821.0,0.0,3.0000000000000004e-05,,
2823.0,3.0000000000000004e-05,5e-05,1.6666666666666665,1.2171612389003692
2825.0,1e-05,2e-05,2.0,2.449489742783178
2827.0,5e-05,2e-05,0.4,0.33466401061363027
2829.0,3.0000000000000004e-05,1e-05,0.3333333333333333,0.3849001794597505
2831.0,1e-05,3.0000000000000004e-05,3.0,3.4641016151377544
2833.0,2e-05,1e-05,0.5,0.6123724356957945
2835.0,2e-05,0.0,0.0,0.0
2837.0,3.0000000000000004e-05,1e-05,0.3333333333333333,0.3849001794597505
2839.0,2e-05,0.0,0.0,0.0
2841.0,0.0,2e-05,,
2843.0,0.0,2e-05,,
2845.0,1e-05,4e-05,4.0,4.47213595499958
2847.0,1e-05,0.0,0.0,0.0
2849.0,0.0,0.0,,
2851.0,0.0,1e-05,,
2853.0,4e-05,0.0,0.0,0.0
2855.0,1e-05,1e-05,1.0,1.4142135623730951
2857.0,3.0000000000000004e-05,2e-05,0.6666666666666666,0.6085806194501845
2859.0,0.0,1e-05,,
2861.0,0.0,0.0,,
2863.0,2e-05,0.0,0.0,0.0
2865.0,0.0,0.0,,
2867.0,1e-05,1e-05,1.0,1.4142135623730951
2869.0,0.0,1e-05,,
2871.0,0.0,1e-05,,
2873.0,0.0,1e-05,,
2875.0,0.0,0.0,,
2877.0,0.0,0.0,,
2879.0,1e-05,0.0,0.0,0.0
2881.0,0.0,0.0,,
2883.0,1e-05,0.0,0.0,0.0
2885.0,0.0,0.0,,
2887.0,0.0,0.0,,
2889.0,0.0,0.0,,
2891.0,0.0,0.0,,
2893.0,0.0,0.0,,
2895.0,0.0,0.0,,
2897.0,0.0,0.0,,
2899.0,0.0,0.0,,
2901.0,0.0,0.0,,
2903.0,0.0,0.0,,
2905.0,0.0,0.0,,
2907.0,0.0,0.0,,
2909.0,0.0,0.0,,
2911.0,0.0,0.0,,
2913.0,0.0,0.0,,
2915.0,0.0,0.0,,
2917.0,0.0,0.0,,
2919.0,0.0,0.0,,
2921.0,0.0,0.0,,
2923.0,0.0,0.0,,
2925.0,0.0,0.0,,
2927.0,0.0,0.0,,
2929.0,0.0,0.0,,
2931.0,0.0,0.0,,
2933.0,0.0,0.0,,
2935.0,0.0,0.0,,
2937.0,0.0,0.0,,
2939.0,0.0,0.0,,
2941.0,0.0,0.0,,
2943.0,0.0,0.0,,
2945.0,0.0,0.0,,
2947.0,0.0,0.0,,
2949.0,0.0,0.0,,
2951.0,0.0,0.0,,
2953.0,0.0,0.0,,
2955.0,0.0,0.0,,
2957.0,0.0,0.0,,
2959.0,0.0,0.0,,
2961.0,0.0,0.0,,
2963.0,0.0,0.0,,
2965.0,0.0,0.0,,
2967.0,0.0,0.0,,
2969.0,0.0,0.0,,
2971.0,0.0,0.0,,
2973.0,0.0,0.0,,
2975.0,0.0,0.0,,
2977.0,0.0,0.0,,
2979.0,0.0,0.0,,
2981.0,0.0,0.0,,
2983.0,0.0,0.0,,
2985.0,0.0,0.0,,
2987.0,0.0,0.0,,
2989.0,0.0,0.0,,
2991.0,0.0,0.0,,
2993.0,0.0,0.0,,
2995.0,0.0,0.0,,
2997.0,0.0,0.0,,
2999.0,0.0,0.0,,
3001.0,0.0,0.0,,
3003.0,0.0,0.0,,
3005.0,0.0,0.0,,
3007.0,0.0,0.0,,
3009.0,0.0,0.0,,
3011.0,0.0,0.0,,
3013.0,0.0,0.0,,
3015.0,0.0,0.0,,
3017.0,0.0,0.0,,
3019.0,0.0,0.0,,
3021.0,0.0,0.0,,
3023.0,0.0,0.0,,
3025.0,0.0,0.0,,
3027.0,0.0,0.0,,
3029.0,0.0,0.0,,
3031.0,0.0,0.0,,
3033.0,0.0,0.0,,
3035.0,0.0,0.0,,
3037.0,0.0,0.0,,
3039.0,0.0,0.0,,
3041.0,0.0,0.0,,
3043.0,0.0,0.0,,
3045.0,0.0,0.0,,
3047.0,0.0,0.0,,
3049.0,0.0,0.0,,
3051.0,0.0,0.0,,
3053.0,0.0,0.0,,
3055.0,0.0,0.0,,
3057.0,0.0,0.0,,
3059.0,0.0,0.0,,
3061.0,0.0,0.0,,
3063.0,0.0,0.0,,
3065.0,0.0,0.0,,
3067.0,0.0,0.0,,
3069.0,0.0,0.0,,
3071.0,0.0,0.0,,
3073.0,0.0,0.0,,
3075.0,0.0,0.0,,
3077.0,0.0,0.0,,
3079.0,0.0,0.0,,
3081.0,0.0,0.0,,
3083.0,0.0,0.0,,
3085.0,0.0,0.0,,
3087.0,0.0,0.0,,
3089.0,0.0,0.0,,
3091.0,0.0,0.0,,
3093.0,0.0,0.0,,
3095.0,0.0,0.0,,
3097.0,0.0,0.0,,
3099.0,0.0,0.0,,
3101.0,0.0,0.0,,
3103.0,0.0,0.0,,
3105.0,0.0,0.0,,
3107.0,0.0,0.0,,
3109.0,0.0,0.0,,
3111.0,0.0,0.0,,
3113.0,0.0,0.0,,
3115.0,0.0,0.0,,
3117.0,0.0,0.0,,
3119.0,0.0,0.0,,
3121.0,0.0,0.0,,
3123.0,0.0,0.0,,
3125.0,0.0,0.0,,
3127.0,0.0,0.0,,
3129.0,0.0,0.0,,
3131.0,0.0,0.0,,
3133.0,0.0,0.0,,
3135.0,0.0,0.0,,
3137.0,0.0,0.0,,
3139.0,0.0,0.0,,
3141.0,0.0,0.0,,
3143.0,0.0,0.0,,
3145.0,0.0,0.0,,
3147.0,0.0,0.0,,
3149.0,0.0,0.0,,
3151.0,0.0,0.0,,
3153.0,0.0,0.0,,
3155.0,0.0,0.0,,
3157.0,0.0,0.0,,
3159.0,0.0,0.0,,
3161.0,0.0,0.0,,
3163.0,0.0,0.0,,
3165.0,0.0,0.0,,
3167.0,0.0,0.0,,
3169.0,0.0,0.0,,
3171.0,0.0,0.0,,
3173.0,0.0,0.0,,
3175.0,0.0,0.0,,
3177.0,0.0,0.0,,
3179.0,0.0,0.0,,
3181.0,0.0,0.0,,
3183.0,0.0,0.0,,
3185.0,0.0,0.0,,
3187.0,0.0,0.0,,
3189.0,0.0,0.0,,
3191.0,0.0,0.0,,
3193.0,0.0,0.0,,
3195.0,0.0,0.0,,
3197.0,0.0,0.0,,
3199.0,0.0,0.0,,
3201.0,0.0,0.0,,
3203.0,0.0,0.0,,
3205.0,0.0,0.0,,
3207.0,0.0,0.0,,
3209.0,0.0,0.0,,
3211.0,0.0,0.0,,
3213.0,0.0,0.0,,
3215.0,0.0,0.0,,
3217.0,0.0,0.0,,
3219.0,0.0,0.0,,
3221.0,0.0,0.0,,
3223.0,0.0,0.0,,
3225.0,0.0,0.0,,
3227.0,0.0,0.0,,
3229.0,0.0,0.0,,
3231.0,0.0,0.0,,
3233.0,0.0,0.0,,
3235.0,0.0,0.0,,
3237.0,0.0,0.0,,
3239.0,0.0,0.0,,
3241.0,0.0,0.0,,
3243.0,0.0,0.0,,
3245.0,0.0,0.0,,
3247.0,0.0,0.0,,
3249.0,0.0,0.0,,
3251.0,0.0,0.0,,
3253.0,0.0,0.0,,
3255.0,0.0,0.0,,
3257.0,0.0,0.0,,
3259.0,0.0,0.0,,
3261.0,0.0,0.0,,
3263.0,0.0,0.0,,
3265.0,0.0,0.0,,
3267.0,0.0,0.0,,
3269.0,0.0,0.0,,
3271.0,0.0,0.0,,
3273.0,0.0,0.0,,
3275.0,0.0,0.0,,
3277.0,0.0,0.0,,
3279.0,0.0,0.0,,
3281.0,0.0,0.0,,
3283.0,0.0,0.0,,
3285.0,0.0,0.0,,
3287.0,0.0,0.0,,
3289.0,0.0,0.0,,
3291.0,0.0,0.0,,
3293.0,0.0,0.0,,
3295.0,0.0,0.0,,
3297.0,0.0,0.0,,
3299.0,0.0,0.0,,
3301.0,0.0,0.0,,
3303.0,0.0,0.0,,
3305.0,0.0,0.0,,
3307.0,0.0,0.0,,
3309.0,0.0,0.0,,
3311.0,0.0,0.0,,
3313.0,0.0,0.0,,
3315.0,0.0,0.0,,
3317.0,0.0,0.0,,
3319.0,0.0,0.0,,
3321.0,0.0,0.0,,
3323.0,0.0,0.0,,
3325.0,0.0,0.0,,
3327.0,0.0,0.0,,
3329.0,0.0,0.0,,
3331.0,0.0,0.0,,
3333.0,0.0,0.0,,
3335.0,0.0,0.0,,
3337.0,0.0,0.0,,
3339.0,0.0,0.0,,
3341.0,0.0,0.0,,
3343.0,0.0,0.0,,
3345.0,0.0,0.0,,
3347.0,0.0,0.0,,
3349.0,0.0,0.0,,
3351.0,0.0,0.0,,
3353.0,0.0,0.0,,
3355.0,0.0,0.0,,
3357.0,0.0,0.0,,
3359.0,0.0,0.0,,
3361.0,0.0,0.0,,
3363.0,0.0,0.0,,
3365.0,0.0,0.0,,
3367.0,0.0,0.0,,
3369.0,0.0,0.0,,
3371.0,0.0,0.0,,
3373.0,0.0,0.0,,
3375.0,0.0,0.0,,
3377.0,0.0,0.0,,
3379.0,0.0,0.0,,
3381.0,0.0,0.0,,
3383.0,0.0,0.0,,
3385.0,0.0,0.0,,
3387.0,0.0,0.0,,
3389.0,0.0,0.0,,
3391.0,0.0,0.0,,
3393.0,0.0,0.0,,
3395.0,0.0,0.0,,
3397.0,0.0,0.0,,
3399.0,0.0,0.0,,
3401.0,0.0,0.0,,
3403.0,0.0,0.0,,
3405.0,0.0,0.0,,
3407.0,0.0,0.0,,
3409.0,0.0,0.0,,
3411.0,0.0,0.0,,
3413.0,0.0,0.0,,
3415.0,0.0,0.0,,
3417.0,0.0,0.0,,
3419.0,0.0,0.0,,
3421.0,0.0,0.0,,
3423.0,0.0,0.0,,
3425.0,0.0,0.0,,
3427.0,0.0,0.0,,
3429.0,0.0,0.0,,
3431.0,0.0,0.0,,
3433.0,0.0,0.0,,
3435.0,0.0,0.0,,
3437.0,0.0,0.0,,
3439.0,0.0,0.0,,
3441.0,0.0,0.0,,
3443.0,0.0,0.0,,
3445.0,0.0,0.0,,
3447.0,0.0,0.0,,
3449.0,0.0,0.0,,
3451.0,0.0,0.0,,
3453.0,0.0,0.0,,
3455.0,0.0,0.0,,
3457.0,0.0,0.0,,
3459.0,0.0,0.0,,
3461.0,0.0,0.0,,
3463.0,0.0,0.0,,
3465.0,0.0,0.0,,
3467.0,0.0,0.0,,
3469.0,0.0,0.0,,
3471.0,0.0,0.0,,
3473.0,0.0,0.0,,
3475.0,0.0,0.0,,
3477.0,0.0,0.0,,
3479.0,0.0,0.0,,
3481.0,0.0,0.0,,
3483.0,0.0,0.0,,
3485.0,0.0,0.0,,
3487.0,0.0,0.0,,
3489.0,0.0,0.0,,
3491.0,0.0,0.0,,
3493.0,0.0,0.0,,
3495.0,0.0,0.0,,
3497.0,0.0,0.0,,
3499.0,0.0,0.0,,
3501.0,0.0,0.0,,
3503.0,0.0,0.0,,
3505.0,0.0,0.0,,
3507.0,0.0,0.0,,
3509.0,0.0,0.0,,
3511.0,0.0,0.0,,
3513.0,0.0,0.0,,
3515.0,0.0,0.0,,
3517.0,0.0,0.0,,
3519.0,0.0,0.0,,
3521.0,0.0,0.0,,
3523.0,0.0,0.0,,
3525.0,0.0,0.0,,
3527.0,0.0,0.0,,
3529.0,0.0,0.0,,
3531.0,0.0,0.0,,
3533.0,0.0,0.0,,
3535.0,0.0,0.0,,
3537.0,0.0,0.0,,
3539.0,0.0,0.0,,
3541.0,0.0,0.0,,
3543.0,0.0,0.0,,
3545.0,0.0,0.0,,
3547.0,0.0,0.0,,
3549.0,0.0,0.0,,
3551.0,0.0,0.0,,
3553.0,0.0,0.0,,
3555.0,0.0,0.0,,
3557.0,0.0,0.0,,
3559.0,0.0,0.0,,
3561.0,0.0,0.0,,
3563.0,0.0,0.0,,
3565.0,0.0,0.0,,
3567.0,0.0,0.0,,
3569.0,0.0,0.0,,
3571.0,0.0,0.0,,
3573.0,0.0,0.0,,
3575.0,0.0,0.0,,
3577.0,0.0,0.0,,
3579.0,0.0,0.0,,
3581.0,0.0,0.0,,
3583.0,0.0,0.0,,
3585.0,0.0,0.0,,
3587.0,0.0,0.0,,
3589.0,0.0,0.0,,
3591.0,0.0,0.0,,
3593.0,0.0,0.0,,
3595.0,0.0,0.0,,
3597.0,0.0,0.0,,
3599.0,0.0,0.0,,
3601.0,0.0,0.0,,
3603.0,0.0,0.0,,
3605.0,0.0,0.0,,
3607.0,0.0,0.0,,
3609.0,0.0,0.0,,
3611.0,0.0,0.0,,
3613.0,0.0,0.0,,
3615.0,0.0,0.0,,
3617.0,0.0,0.0,,
3619.0,0.0,0.0,,
3621.0,0.0,0.0,,
3623.0,0.0,0.0,,
3625.0,0.0,0.0,,
3627.0,0.0,0.0,,
3629.0,0.0,0.0,,
3631.0,0.0,0.0,,
3633.0,0.0,0.0,,
3635.0,0.0,0.0,,
3637.0,0.0,0.0,,
3639.0,0.0,0.0,,
3641.0,0.0,0.0,,
3643.0,0.0,0.0,,
3645.0,0.0,0.0,,
3647.0,0.0,0.0,,
3649.0,0.0,0.0,,
3651.0,0.0,0.0,,
3653.0,0.0,0.0,,
3655.0,0.0,0.0,,
3657.0,0.0,0.0,,
3659.0,0.0,0.0,,
3661.0,0.0,0.0,,
3663.0,0.0,0.0,,
3665.0,0.0,0.0,,
3667.0,0.0,0.0,,
3669.0,0.0,0.0,,
3671.0,0.0,0.0,,
3673.0,0.0,0.0,,
3675.0,0.0,0.0,,
3677.0,0.0,0.0,,
3679.0,0.0,0.0,,
3681.0,0.0,0.0,,
3683.0,0.0,0.0,,
3685.0,0.0,0.0,,
3687.0,0.0,0.0,,
3689.0,0.0,0.0,,
3691.0,0.0,0.0,,
3693.0,0.0,0.0,,
3695.0,0.0,0.0,,
3697.0,0.0,0.0,,
3699.0,0.0,0.0,,
3701.0,0.0,0.0,,
3703.0,0.0,0.0,,
3705.0,0.0,0.0,,
3707.0,0.0,0.0,,
3709.0,0.0,0.0,,
3711.0,0.0,0.0,,
3713.0,0.0,0.0,,
3715.0,0.0,0.0,,
3717.0,0.0,0.0,,
3719.0,0.0,0.0,,
3721.0,0.0,0.0,,
3723.0,0.0,0.0,,
3725.0,0.0,0.0,,
3727.0,0.0,0.0,,
3729.0,0.0,0.0,,
3731.0,0.0,0.0,,
3733.0,0.0,0.0,,
3735.0,0.0,0.0,,
3737.0,0.0,0.0,,
3739.0,0.0,0.0,,
3741.0,0.0,0.0,,
3743.0,0.0,0.0,,
3745.0,0.0,0.0,,
3747.0,0.0,0.0,,
3749.0,0.0,0.0,,
3751.0,0.0,0.0,,
3753.0,0.0,0.0,,
3755.0,0.0,0.0,,
3757.0,0.0,0.0,,
3759.0,0.0,0.0,,
3761.0,0.0,0.0,,
3763.0,0.0,0.0,,
3765.0,0.0,0.0,,
3767.0,0.0,0.0,,
3769.0,0.0,0.0,,
3771.0,0.0,0.0,,
3773.0,0.0,0.0,,
3775.0,0.0,0.0,,
3777.0,0.0,0.0,,
3779.0,0.0,0.0,,
3781.0,0.0,0.0,,
3783.0,0.0,0.0,,
3785.0,0.0,0.0,,
3787.0,0.0,0.0,,
3789.0,0.0,0.0,,
3791.0,0.0,0.0,,
3793.0,0.0,0.0,,
3795.0,0.0,0.0,,
3797.0,0.0,0.0,,
3799.0,0.0,0.0,,
3801.0,0.0,0.0,,
3803.0,0.0,0.0,,
3805.0,0.0,0.0,,
3807.0,0.0,0.0,,
3809.0,0.0,0.0,,
3811.0,0.0,0.0,,
3813.0,0.0,0.0,,
3815.0,0.0,0.0,,
3817.0,0.0,0.0,,
3819.0,0.0,0.0,,
3821.0,0.0,0.0,,
3823.0,0.0,0.0,,
3825.0,0.0,0.0,,
3827.0,0.0,0.0,,
3829.0,0.0,0.0,,
3831.0,0.0,0.0,,
3833.0,0.0,0.0,,
3835.0,0.0,0.0,,
3837.0,0.0,0.0,,
3839.0,0.0,0.0,,
3841.0,0.0,0.0,,
3843.0,0.0,0.0,,
3845.0,0.0,0.0,,
3847.0,0.0,0.0,,
3849.0,0.0,0.0,,
3851.0,0.0,0.0,,
3853.0,0.0,0.0,,
3855.0,0.0,0.0,,
3857.0,0.0,0.0,,
3859.0,0.0,0.0,,
3861.0,0.0,0.0,,
3863.0,0.0,0.0,,
3865.0,0.0,0.0,,
3867.0,0.0,0.0,,
3869.0,0.0,0.0,,
3871.0,0.0,0.0,,
3873.0,0.0,0.0,,
3875.0,0.0,0.0,,
3877.0,0.0,0.0,,
3879.0,0.0,0.0,,
3881.0,0.0,0.0,,
3883.0,0.0,0.0,,
3885.0,0.0,0.0,,
3887.0,0.0,0.0,,
3889.0,0.0,0.0,,
3891.0,0.0,0.0,,
3893.0,0.0,0.0,,
3895.0,0.0,0.0,,
3897.0,0.0,0.0,,
3899.0,0.0,0.0,,
3901.0,0.0,0.0,,
3903.0,0.0,0.0,,
3905.0,0.0,0.0,,
3907.0,0.0,0.0,,
3909.0,0.0,0.0,,
3911.0,0.0,0.0,,
3913.0,0.0,0.0,,
3915.0,0.0,0.0,,
3917.0,0.0,0.0,,
3919.0,0.0,0.0,,
3921.0,0.0,0.0,,
3923.0,0.0,0.0,,
3925.0,0.0,0.0,,
3927.0,0.0,0.0,,
3929.0,0.0,0.0,,
3931.0,0.0,0.0,,
3933.0,0.0,0.0,,
3935.0,0.0,0.0,,
3937.0,0.0,0.0,,
3939.0,0.0,0.0,,
3941.0,0.0,0.0,,
3943.0,0.0,0.0,,
3945.0,0.0,0.0,,
3947.0,0.0,0.0,,
3949.0,0.0,0.0,,
3951.0,0.0,0.0,,
3953.0,0.0,0.0,,
3955.0,0.0,0.0,,
3957.0,0.0,0.0,,
3959.0,0.0,0.0,,
3961.0,0.0,0.0,,
3963.0,0.0,0.0,,
3965.0,0.0,0.0,,
3967.0,0.0,0.0,,
3969.0,0.0,0.0,,
3971.0,0.0,0.0,,
3973.0,0.0,0.0,,
3975.0,0.0,0.0,,
3977.0,0.0,0.0,,
3979.0,0.0,0.0,,
3981.0,0.0,0.0,,
3983.0,0.0,0.0,,
3985.0,0.0,0.0,,
3987.0,0.0,0.0,,
3989.0,0.0,0.0,,
3991.0,0.0,0.0,,
3993.0,0.0,0.0,,
3995.0,0.0,0.0,,
3997.0,0.0,0.0,,
3999.0,0.0,0.0,,
