energy_keV,g4_10_per_primary,g4_11_per_primary,ratio,approx_ratio_error
1.0,0.00025,0.00024000000000000003,0.9600000000000001,0.274342851191716
3.0,0.00028000000000000003,0.00033000000000000005,1.1785714285714286,0.30282019894039003
5.0,0.00032,0.00026000000000000003,0.8125,0.21452390965228096
7.0,0.00019,0.00042,2.2105263157894735,0.6111659654251586
9.0,0.00025,0.00031,1.24,0.33332266649599457
11.0,0.00045000000000000004,0.00027,0.6,0.1460593486680443
13.0,0.00031,0.00038,1.2258064516129032,0.2966701170263199
15.0,0.00034,0.00033000000000000005,0.9705882352941178,0.2371788700653052
17.0,0.00031,0.00029,0.935483870967742,0.24167519817552335
19.0,0.00044,0.00031,0.7045454545454545,0.16520852884007722
21.0,0.00035000000000000005,0.00023,0.657142857142857,0.17639076683292323
23.0,0.00046,0.00030000000000000003,0.6521739130434783,0.1530490633110493
25.0,0.00031,0.00032,1.0322580645161292,0.2601373567866763
27.0,0.00042,0.00041000000000000005,0.9761904761904763,0.21431720605078777
29.0,0.00046,0.00045000000000000004,0.9782608695652174,0.2051115920286211
31.0,0.00044,0.00043000000000000004,0.9772727272727273,0.20956311214393158
33.0,0.00030000000000000003,0.00038,1.2666666666666666,0.30936015209413076
35.0,0.00036,0.00023,0.6388888888888888,0.17054389311475798
37.0,0.00033000000000000005,0.00039000000000000005,1.1818181818181819,0.27952949628574814
39.0,0.0004,0.00030000000000000003,0.75,0.181142209327368
41.0,0.00029,0.0004,1.3793103448275863,0.3364012060833673
43.0,0.00038,0.00041000000000000005,1.0789473684210527,0.24295737075959423
45.0,0.00042,0.00033000000000000005,0.7857142857142858,0.18277368418541393
47.0,0.0004,0.00044,1.1,0.24031229681395833
49.0,0.00036,0.0004,1.1111111111111112,0.25526016207574487
51.0,0.00035000000000000005,0.0004,1.1428571428571428,0.26452002850644324
53.0,0.00044,0.00036,0.8181818181818182,0.1838726897627024
55.0,0.00055,0.00045000000000000004,0.8181818181818182,0.1644607334060529
57.0,0.00058,0.00036,0.6206896551724138,0.13169618270136552
59.0,0.00036,0.00034,0.9444444444444444,0.2258576095861198
61.0,0.00046,0.00045000000000000004,0.9782608695652174,0.2051115920286211
63.0,0.00045000000000000004,0.00045000000000000004,1.0,0.21081851067789195
65.0,0.00043000000000000004,0.00046,1.069767441860465,0.22691919581828549
67.0,0.00045000000000000004,0.00036,0.7999999999999999,0.17888543819998315
69.0,0.00054,0.00046,0.8518518518518519,0.17091818647979581
71.0,0.00043000000000000004,0.0005700000000000001,1.3255813953488373,0.2677532459596877
73.0,0.00058,0.0005600000000000001,0.9655172413793104,0.18088578911319667
75.0,0.00046,0.00055,1.1956521739130435,0.23889402302458349
77.0,0.0005,0.00054,1.08,0.21196226079186833
79.0,0.00054,0.00039000000000000005,0.7222222222222223,0.15176902287832408
81.0,0.00047000000000000004,0.0006000000000000001,1.2765957446808511,0.24866847279477833
83.0,0.0005,0.0005700000000000001,1.1400000000000001,0.22088911245237963
85.0,0.0005300000000000001,0.00045000000000000004,0.8490566037735848,0.17210975656649916
87.0,0.0005600000000000001,0.00048000000000000007,0.8571428571428572,0.16859909838630924
89.0,0.00051,0.00042,0.8235294117647058,0.1715974600917101
91.0,0.00051,0.0006900000000000001,1.3529411764705883,0.24983881091695145
93.0,0.00067,0.0005200000000000001,0.7761194029850746,0.14343757967773202
95.0,0.0006100000000000001,0.0005200000000000001,0.8524590163934426,0.16089633109877874
97.0,0.0006000000000000001,0.00058,0.9666666666666666,0.17800332914073597
99.0,0.00059,0.0006900000000000001,1.1694915254237288,0.20737266681032954
101.0,0.00063,0.0007000000000000001,1.1111111111111112,0.1929585452784177
103.0,0.0007000000000000001,0.00063,0.8999999999999999,0.15629642167551827
105.0,0.00067,0.0005300000000000001,0.791044776119403,0.14541739276505086
107.0,0.0006900000000000001,0.0006100000000000001,0.8840579710144928,0.15536849451810533
109.0,0.00063,0.00043000000000000004,0.6825396825396826,0.1350132327894962
111.0,0.0005700000000000001,0.0007700000000000001,1.3508771929824561,0.23603993059094727
113.0,0.0006500000000000001,0.00071,1.0923076923076922,0.1875117960179592
115.0,0.0006900000000000001,0.00075,1.0869565217391304,0.18131688178876065
117.0,0.00064,0.00063,0.984375,0.1747037287016669
119.0,0.0007800000000000001,0.00062,0.7948717948717948,0.1352439848965519
121.0,0.00068,0.00076,1.1176470588235294,0.1865626376015027
123.0,0.0006900000000000001,0.0005600000000000001,0.8115942028985508,0.14597395802473476
125.0,0.00076,0.0007300000000000001,0.9605263157894737,0.1574106730445445
127.0,0.0008300000000000001,0.0008200000000000001,0.9879518072289156,0.15382671288830702
129.0,0.00075,0.0007800000000000001,1.04,0.16819036833302914
131.0,0.00068,0.0007400000000000001,1.0882352941176472,0.18280861695648723
133.0,0.00079,0.00075,0.9493670886075949,0.15305599858556182
135.0,0.00068,0.0006500000000000001,0.9558823529411765,0.1658132110683202
137.0,0.00076,0.00071,0.9342105263157895,0.15419399238224718
139.0,0.0006500000000000001,0.00079,1.2153846153846153,0.2035282773284351
141.0,0.0008100000000000001,0.0008500000000000001,1.0493827160493827,0.16294310151329627
143.0,0.0007800000000000001,0.0007000000000000001,0.8974358974358975,0.14775356681201546
145.0,0.00064,0.00058,0.9062499999999999,0.16429485035010227
147.0,0.0006600000000000001,0.0007400000000000001,1.121212121212121,0.18982961826113506
149.0,0.0007800000000000001,0.0007800000000000001,1.0,0.16012815380508713
151.0,0.0007300000000000001,0.0007300000000000001,1.0,0.1655211777204736
153.0,0.00063,0.0008,1.2698412698412698,0.21389576605682836
155.0,0.0007700000000000001,0.00079,1.025974025974026,0.16430082988413444
157.0,0.00076,0.00093,1.2236842105263157,0.18921886720276188
159.0,0.00072,0.0007000000000000001,0.9722222222222223,0.163190340111246
161.0,0.0006500000000000001,0.0008100000000000001,1.2461538461538462,0.20751471697347781
163.0,0.00075,0.0006900000000000001,0.92,0.15346660874600704
165.0,0.0007000000000000001,0.00071,1.0142857142857142,0.17084082919865143
167.0,0.0008200000000000001,0.00068,0.8292682926829268,0.13601265157850895
169.0,0.00076,0.0008200000000000001,1.0789473684210527,0.1717968044033633
171.0,0.00088,0.0006600000000000001,0.7500000000000001,0.12212605261479932
173.0,0.00072,0.0008100000000000001,1.125,0.18221724671391565
175.0,0.0008900000000000001,0.0008700000000000001,0.9775280898876405,0.14737742026705875
177.0,0.0008700000000000001,0.0008600000000000001,0.9885057471264368,0.15031191168942365
179.0,0.0007400000000000001,0.0008,1.081081081081081,0.17436438178278701
181.0,0.0007400000000000001,0.00088,1.189189189189189,0.1875647678001226
183.0,0.0008600000000000001,0.0009000000000000001,1.0465116279069768,0.15780832556998803
185.0,0.00084,0.0007300000000000001,0.8690476190476191,0.139056830760628
187.0,0.0009000000000000001,0.00068,0.7555555555555555,0.1214001534451904
189.0,0.0008100000000000001,0.0007800000000000001,0.962962962962963,0.15276305508864682
191.0,0.0008900000000000001,0.00075,0.8426966292134831,0.13208927174075422
193.0,0.0009000000000000001,0.0009000000000000001,1.0,0.14907119849998599
195.0,0.0006900000000000001,0.0007800000000000001,1.1304347826086956,0.18682385644843302
197.0,0.0009000000000000001,0.0008300000000000001,0.9222222222222223,0.1403454487795785
199.0,0.00063,0.0008200000000000001,1.3015873015873016,0.2180620563065585
201.0,0.00072,0.0008,1.1111111111111112,0.18049619157053637
203.0,0.00079,0.00076,0.9620253164556962,0.154572420696471
205.0,0.00075,0.0008300000000000001,1.106666666666667,0.17630949219210246
207.0,0.0008100000000000001,0.00063,0.7777777777777778,0.13065438573158472
209.0,0.0008900000000000001,0.0009000000000000001,1.0112359550561798,0.15116900698398197
211.0,0.0007300000000000001,0.0007000000000000001,0.9589041095890412,0.16041048376287087
213.0,0.0008200000000000001,0.0007800000000000001,0.9512195121951219,0.1504480330252572
215.0,0.00072,0.0008,1.1111111111111112,0.18049619157053637
217.0,0.0007700000000000001,0.00067,0.8701298701298701,0.14537260058307735
219.0,0.00079,0.00067,0.8481012658227848,0.14085529979348071
221.0,0.0008,0.00076,0.95,0.15217177793533204
223.0,0.0008300000000000001,0.0007000000000000001,0.8433734939759037,0.13686033441559947
225.0,0.0008,0.0008700000000000001,1.0875000000000001,0.1684546025640143
227.0,0.0008600000000000001,0.0008500000000000001,0.9883720930232558,0.15116799092440583
229.0,0.0009600000000000001,0.00079,0.8229166666666665,0.12500452104092594
231.0,0.00088,0.0007400000000000001,0.8409090909090909,0.13263231772642972
233.0,0.0009800000000000002,0.00093,0.9489795918367345,0.13737858675042625
235.0,0.00084,0.0008100000000000001,0.9642857142857143,0.1501639046200147
237.0,0.0008,0.0008600000000000001,1.075,0.16698147352326248
239.0,0.0008500000000000001,0.00103,1.211764705882353,0.17756981753017595
241.0,0.00079,0.0009400000000000001,1.189873417721519,0.18161275285345527
243.0,0.0008,0.0008600000000000001,1.075,0.16698147352326248
245.0,0.0008300000000000001,0.00079,0.9518072289156625,0.1496076889788344
247.0,0.00075,0.00079,1.0533333333333332,0.16981733105288732
249.0,0.0009000000000000001,0.00071,0.7888888888888889,0.125221340384902
251.0,0.00084,0.00076,0.9047619047619048,0.14323457321862818
253.0,0.0008200000000000001,0.00064,0.7804878048780488,0.1301804103899101
255.0,0.0005600000000000001,0.0008,1.4285714285714284,0.24890430444184627
257.0,0.0006500000000000001,0.00071,1.0923076923076922,0.1875117960179592
259.0,0.00068,0.00084,1.2352941176470589,0.2015106797177292
261.0,0.00076,0.00068,0.8947368421052632,0.14935346888319748
263.0,0.00071,0.00063,0.8873239436619719,0.15358017242267163
265.0,0.0006600000000000001,0.0007300000000000001,1.106060606060606,0.1878680496946114
267.0,0.00064,0.0008100000000000001,1.265625,0.21166865470533333
269.0,0.00058,0.0006500000000000001,1.120689655172414,0.20242644293595835
271.0,0.0006000000000000001,0.0006500000000000001,1.0833333333333333,0.19394777838567975
273.0,0.00058,0.0006900000000000001,1.1896551724137931,0.21192608510030767
275.0,0.00064,0.0006000000000000001,0.9375,0.16846764572537362
277.0,0.0005200000000000001,0.00071,1.3653846153846152,0.24921645531983797
279.0,0.0006900000000000001,0.00068,0.9855072463768115,0.1683996187058068
281.0,0.0004900000000000001,0.00058,1.1836734693877549,0.2296739637461356
283.0,0.00064,0.0008100000000000001,1.265625,0.21166865470533333
285.0,0.00051,0.00058,1.1372549019607843,0.21830917157108015
287.0,0.00075,0.00063,0.84,0.14355486755941088
289.0,0.00062,0.00062,1.0,0.1796053020267749
291.0,0.0005300000000000001,0.0007000000000000001,1.320754716981132,0.24048487731095472
293.0,0.00062,0.0006500000000000001,1.0483870967741937,0.18611055513638786
295.0,0.00041000000000000005,0.00054,1.3170731707317072,0.2728242044458961
297.0,0.0006600000000000001,0.0005300000000000001,0.803030303030303,0.14811379586140308
299.0,0.0005300000000000001,0.00051,0.9622641509433961,0.18875043156937849
301.0,0.0005700000000000001,0.0005600000000000001,0.9824561403508771,0.18485063709982408
303.0,0.0006000000000000001,0.00046,0.7666666666666666,0.15024671069302672
305.0,0.00048000000000000007,0.0006100000000000001,1.2708333333333333,0.24519765387864662
307.0,0.00051,0.00054,1.0588235294117647,0.20674559510435508
309.0,0.00045000000000000004,0.0005200000000000001,1.1555555555555557,0.2352712003686556
311.0,0.0004900000000000001,0.0005200000000000001,1.0612244897959182,0.211284792209836
313.0,0.00059,0.00043000000000000004,0.728813559322034,0.1461356905775278
315.0,0.0006100000000000001,0.0004900000000000001,0.8032786885245902,0.15409893245246628
317.0,0.00046,0.0005600000000000001,1.2173913043478262,0.2422464112108886
319.0,0.00062,0.00058,0.935483870967742,0.1708901714745153
321.0,0.0005200000000000001,0.0005,0.9615384615384615,0.19044960339620906
323.0,0.00047000000000000004,0.00058,1.2340425531914894,0.24219315204924807
325.0,0.00045000000000000004,0.0005300000000000001,1.1777777777777778,0.23874385491125738
327.0,0.00051,0.00048000000000000007,0.9411764705882354,0.1892705097740809
329.0,0.0005200000000000001,0.00048000000000000007,0.9230769230769231,0.18476325439048513
331.0,0.0005200000000000001,0.0004900000000000001,0.9423076923076924,0.18760901852655928
333.0,0.00043000000000000004,0.00045000000000000004,1.0465116279069768,0.22317467427646592
335.0,0.00043000000000000004,0.00054,1.2558139534883719,0.2566729273039943
337.0,0.0005600000000000001,0.00046,0.8214285714285714,0.16345453001346946
339.0,0.00047000000000000004,0.0005600000000000001,1.1914893617021276,0.23570339550860658
341.0,0.00042,0.00045000000000000004,1.0714285714285714,0.22987510869528185
343.0,0.00043000000000000004,0.00044,1.0232558139534884,0.2194235722610338
345.0,0.00047000000000000004,0.00036,0.7659574468085106,0.16964595530604465
347.0,0.00035000000000000005,0.00041000000000000005,1.1714285714285715,0.2695855798065804
349.0,0.0005,0.00063,1.26,0.23864618161621612
351.0,0.00048000000000000007,0.00035000000000000005,0.7291666666666666,0.16207320198270264
353.0,0.00033000000000000005,0.00046,1.3939393939393938,0.31799592278287286
355.0,0.00037000000000000005,0.00034,0.9189189189189189,0.21830618830082058
357.0,0.00042,0.00045000000000000004,1.0714285714285714,0.22987510869528185
359.0,0.00043000000000000004,0.0005,1.1627906976744184,0.24183758264263244
361.0,0.00041000000000000005,0.0005200000000000001,1.2682926829268293,0.26489109646725295
363.0,0.00036,0.00038,1.0555555555555556,0.24550136265857134
365.0,0.00037000000000000005,0.00035000000000000005,0.9459459459459459,0.22304766661796005
367.0,0.0005,0.00038,0.76,0.163560386402087
369.0,0.00041000000000000005,0.00048000000000000007,1.170731707317073,0.2489658825600271
371.0,0.0005,0.00039000000000000005,0.78,0.1666373307515456
373.0,0.00034,0.00042,1.2352941176470589,0.2849791362198336
375.0,0.00029,0.00038,1.3103448275862069,0.3230964623104404
377.0,0.00039000000000000005,0.00031,0.7948717948717948,0.19126387767008574
379.0,0.00028000000000000003,0.00032,1.1428571428571428,0.2957423825752946
381.0,0.00044,0.00032,0.7272727272727273,0.16896734132447003
383.0,0.00047000000000000004,0.0004900000000000001,1.0425531914893618,0.2128564768967436
385.0,0.00033000000000000005,0.00032,0.9696969696969696,0.24058068530854457
387.0,0.00044,0.0004,0.9090909090909091,0.19860520397847795
389.0,0.00027,0.00034,1.2592592592592593,0.3246076344512761
391.0,0.00026000000000000003,0.00037000000000000005,1.4230769230769231,0.36417582672654397
393.0,0.0004,0.00031,0.7749999999999999,0.18544709488153222
395.0,0.00039000000000000005,0.00031,0.7948717948717948,0.19126387767008574
397.0,0.0004,0.00035000000000000005,0.8750000000000001,0.20252314682524564
399.0,0.00030000000000000003,0.00041000000000000005,1.3666666666666667,0.3283516633349294
401.0,0.00029,0.00033000000000000005,1.137931034482759,0.28963818533508084
403.0,0.00031,0.00031,1.0,0.254000254000381
405.0,0.00024000000000000003,0.00041000000000000005,1.7083333333333333,0.43906795749211336
407.0,0.00043000000000000004,0.00031,0.7209302325581395,0.16986113567664568
409.0,0.00029,0.00036,1.2413793103448276,0.30974972669810813
411.0,0.00025,0.00038,1.52,0.39142815432720224
413.0,0.00036,0.00031,0.861111111111111,0.2109912752797378
415.0,0.00037000000000000005,0.00039000000000000005,1.054054054054054,0.2419003593687956
417.0,0.0004,0.00028000000000000003,0.7000000000000001,0.1724818831066034
419.0,0.00028000000000000003,0.00032,1.1428571428571428,0.2957423825752946
421.0,0.00025,0.00024000000000000003,0.9600000000000001,0.274342851191716
423.0,0.00037000000000000005,0.00029,0.7837837837837837,0.19438752069737014
425.0,0.00042,0.00031,0.738095238095238,0.17477058558457115
427.0,0.00028000000000000003,0.00029,1.0357142857142856,0.27440964993359174
429.0,0.00033000000000000005,0.00037000000000000005,1.121212121212121,0.26845962068500456
431.0,0.00031,0.00042,1.3548387096774195,0.3208067772853107
433.0,0.00027,0.00035000000000000005,1.2962962962962965,0.33203527166986524
435.0,0.00044,0.00034,0.7727272727272727,0.17644434550973612
437.0,0.00028000000000000003,0.00027,0.9642857142857142,0.26009151226479227
439.0,0.00026000000000000003,0.00027,1.0384615384615383,0.28533811962742917
441.0,0.0004,0.00036,0.9,0.20676073128135336
443.0,0.00032,0.0004,1.25,0.29646353064078557
445.0,0.00021,0.00027,1.2857142857142856,0.3740878118331298
447.0,0.00031,0.00025,0.8064516129032259,0.21678113065556356
449.0,0.00031,0.00025,0.8064516129032259,0.21678113065556356
451.0,0.00030000000000000003,0.00035000000000000005,1.1666666666666667,0.2902744550580696
453.0,0.00023,0.00031,1.3478260869565217,0.37092488678490354
455.0,0.00021,0.00033000000000000005,1.5714285714285716,0.4386568420449934
457.0,0.00029,0.00033000000000000005,1.137931034482759,0.28963818533508084
459.0,0.00031,0.00029,0.935483870967742,0.24167519817552335
461.0,0.00026000000000000003,0.00029,1.1153846153846152,0.30124532908101165
463.0,0.00024000000000000003,0.00030000000000000003,1.25,0.3423265984407288
465.0,0.00029,0.00026000000000000003,0.8965517241379312,0.24214249995096776
467.0,0.00032,0.00029,0.9062499999999999,0.23234800559317265
469.0,0.00038,0.00031,0.8157894736842105,0.1974376609849677
471.0,0.00028000000000000003,0.00030000000000000003,1.0714285714285714,0.2815383604351305
473.0,0.00036,0.00021,0.5833333333333334,0.16017448048153884
475.0,0.00032,0.00024000000000000003,0.75,0.20252314682524564
477.0,0.00030000000000000003,0.00032,1.0666666666666667,0.2710746787907006
479.0,0.00029,0.00026000000000000003,0.8965517241379312,0.24214249995096776
481.0,0.00023,0.00027,1.1739130434782608,0.33310038160124944
483.0,0.00023,0.00026000000000000003,1.1304347826086958,0.32358841143464045
485.0,0.00036,0.00018,0.5,0.14433756729740646
487.0,0.00021,0.00026000000000000003,1.2380952380952381,0.3632508681003846
489.0,0.0002,0.00031,1.5499999999999998,0.4445503346079047
491.0,0.00022,0.00027,1.2272727272727273,0.35248926962263466
493.0,0.00029,0.00016,0.5517241379310345,0.17181823418015166
495.0,0.00023,0.00030000000000000003,1.3043478260869565,0.3614987568386061
497.0,0.00024000000000000003,0.00036,1.4999999999999998,0.39528470752104744
499.0,0.00021,0.00022,1.0476190476190477,0.3196072527749441
501.0,0.00029,0.00024000000000000003,0.8275862068965518,0.22837394748012366
503.0,0.00033000000000000005,0.00030000000000000003,0.9090909090909091,0.2293295359588695
505.0,0.00021,0.00022,1.0476190476190477,0.3196072527749441
507.0,0.00021,0.00018,0.8571428571428572,0.2753211747598376
509.0,0.00023,0.00023,1.0,0.29488391230979427
511.0,0.00321,0.00305,0.9501557632398754,0.07597654453715508
513.0,0.00022,0.00017,0.7727272727272727,0.24952998642391314
515.0,0.00025,0.00013000000000000002,0.52,0.177808886167143
517.0,0.00027,0.0002,0.7407407407407408,0.21853363040908239
519.0,0.00026000000000000003,0.00024000000000000003,0.9230769230769231,0.2612947001872144
521.0,0.00018,0.00018,1.0,0.3333333333333333
523.0,0.00018,0.00027,1.5,0.4564354645876384
525.0,0.00015000000000000001,0.00023,1.5333333333333332,0.5088840368521722
527.0,0.00024000000000000003,0.00021,0.8749999999999999,0.2614562582918986
529.0,0.00019,0.00021,1.1052631578947367,0.349952613791773
531.0,0.00022,0.00018,0.8181818181818182,0.2600352516124343
533.0,0.00026000000000000003,0.00018,0.6923076923076923,0.2122768179248769
535.0,0.00018,0.00022,1.222222222222222,0.3884477215445006
537.0,0.00019,0.00026000000000000003,1.368421052631579,0.4130118661425765
539.0,0.00024000000000000003,0.00024000000000000003,1.0,0.2886751345948129
541.0,0.00025,0.00023,0.92,0.2658119636133784
543.0,0.00022,0.00021,0.9545454545454546,0.2912123935408066
545.0,0.00021,0.00021,1.0,0.3086066999241838
547.0,0.0002,0.00024000000000000003,1.2000000000000002,0.3633180424916991
549.0,0.00021,0.00022,1.0476190476190477,0.3196072527749441
551.0,0.00021,0.00019,0.9047619047619048,0.28646914643725635
553.0,0.00022,0.00021,0.9545454545454546,0.2912123935408066
555.0,0.00018,0.00019,1.0555555555555556,0.3471913566528273
557.0,0.00017,0.0002,1.1764705882352942,0.3880989589705177
559.0,0.00021,0.0002,0.9523809523809524,0.29756235287663035
561.0,0.00023,0.00017,0.7391304347826088,0.23640829037222658
563.0,0.00024000000000000003,0.00018,0.7499999999999999,0.23385358667337133
565.0,0.00024000000000000003,0.00022,0.9166666666666665,0.27056610748302995
567.0,0.00019,0.00016,0.8421052631578948,0.2857351126477036
569.0,0.00024000000000000003,0.00026000000000000003,1.0833333333333333,0.30665836341416136
571.0,0.00026000000000000003,0.00018,0.6923076923076923,0.2122768179248769
573.0,0.00014000000000000001,0.00016,1.1428571428571428,0.4182428884065142
575.0,0.00022,0.0002,0.9090909090909091,0.2808701730242385
577.0,0.00016,0.00015000000000000001,0.9375,0.33693529145074724
579.0,0.00015000000000000001,0.00019,1.2666666666666666,0.4375013227493231
581.0,0.0002,0.00019,0.95,0.3043435558706641
583.0,0.00017,0.00026000000000000003,1.5294117647058825,0.47703200723336875
585.0,0.00021,0.00015000000000000001,0.7142857142857143,0.2414726442081476
587.0,0.00031,0.00022,0.7096774193548387,0.1978366431775813
589.0,0.00015000000000000001,0.00018,1.2,0.41952353926806063
591.0,0.00013000000000000002,0.00021,1.6153846153846152,0.5700777322844744
593.0,0.00024000000000000003,0.00014000000000000001,0.5833333333333333,0.19617287349757687
595.0,0.00026000000000000003,0.00023,0.8846153846153846,0.2532222923800662
597.0,0.00019,0.00025,1.3157894736842104,0.4004662685540432
599.0,0.00017,0.00018,1.0588235294117647,0.3580938749618064
601.0,0.00017,0.0002,1.1764705882352942,0.3880989589705177
603.0,0.00016,0.00017,1.0625,0.3700849775727191
605.0,0.00013000000000000002,0.00019,1.4615384615384615,0.526061793393914
607.0,0.0002,0.00017,0.85,0.28040149785619906
609.0,0.00022,0.00018,0.8181818181818182,0.2600352516124343
611.0,0.00016,0.00013000000000000002,0.8125,0.30338262248355624
613.0,0.00017,0.00019,1.1176470588235294,0.3731252752030054
615.0,0.00025,0.00016,0.64,0.20489997559785117
617.0,0.00021,0.00026000000000000003,1.2380952380952381,0.3632508681003846
619.0,0.00018,0.00022,1.222222222222222,0.3884477215445006
621.0,0.00014000000000000001,0.00019,1.357142857142857,0.47801521134170244
623.0,0.00022,0.00024000000000000003,1.090909090909091,0.32199602874013483
625.0,0.00027,0.00016,0.5925925925925927,0.18695994554074977
627.0,0.00011,0.00017,1.5454545454545454,0.598018264962828
629.0,0.00026000000000000003,0.00017,0.6538461538461539,0.20393823977876263
631.0,0.00021,0.00023,1.0952380952380951,0.33056838356720036
633.0,0.00023,0.00023,1.0,0.29488391230979427
635.0,0.00023,0.00019,0.8260869565217391,0.25610006674167585
637.0,0.00014000000000000001,0.00023,1.6428571428571428,0.55689424070938
639.0,0.00018,0.00018,1.0,0.3333333333333333
641.0,0.00017,0.00019,1.1176470588235294,0.3731252752030054
643.0,0.00018,0.0002,1.1111111111111112,0.36099238314107274
645.0,0.00018,0.00016,0.888888888888889,0.3054152315272341
647.0,0.00022,0.00017,0.7727272727272727,0.24952998642391314
649.0,0.00019,0.00014000000000000001,0.736842105263158,0.259531804495772
651.0,0.00014000000000000001,0.00015000000000000001,1.0714285714285714,0.39815536765564635
653.0,0.00021,0.00019,0.9047619047619048,0.28646914643725635
655.0,0.00018,0.00013000000000000002,0.7222222222222222,0.2628716586403405
657.0,0.00021,0.00017,0.8095238095238095,0.26411150312210313
659.0,0.00015000000000000001,0.0002,1.3333333333333333,0.45542003404264886
661.0,0.00014000000000000001,0.00025,1.7857142857142856,0.5960878288544859
663.0,0.00017,0.0002,1.1764705882352942,0.3880989589705177
665.0,0.0002,0.00016,0.8,0.26832815729997483
667.0,0.00019,0.00021,1.1052631578947367,0.349952613791773
669.0,0.00019,0.00023,1.2105263157894737,0.37528236926965797
671.0,0.00018,0.0002,1.1111111111111112,0.36099238314107274
673.0,0.0002,0.00018,0.9,0.2924038303442689
675.0,0.00021,0.0002,0.9523809523809524,0.29756235287663035
677.0,0.00015000000000000001,0.00017,1.1333333333333333,0.4014787481115099
679.0,0.00022,0.00021,0.9545454545454546,0.2912123935408066
681.0,0.00016,0.00016,1.0,0.3535533905932738
683.0,0.00023,0.00019,0.8260869565217391,0.25610006674167585
685.0,0.00024000000000000003,0.0001,0.41666666666666663,0.15682763598105853
687.0,9e-05,0.00021,2.3333333333333335,0.9296222517045284
689.0,0.00015000000000000001,0.00016,1.0666666666666667,0.3833574871617391
691.0,0.0002,0.0002,1.0,0.316227766016838
693.0,0.00015000000000000001,8e-05,0.5333333333333333,0.23349200953891017
695.0,0.00018,0.00018,1.0,0.3333333333333333
697.0,0.00015000000000000001,0.00011,0.7333333333333333,0.2911026292233389
699.0,0.0002,0.00023,1.15,0.35160346983498336
701.0,0.00011,0.00019,1.7272727272727273,0.6544076990026167
703.0,0.00017,0.00016,0.9411764705882353,0.32782613930316984
705.0,0.00017,0.00015000000000000001,0.8823529411764706,0.3125699596023866
707.0,0.00026000000000000003,0.00023,0.8846153846153846,0.2532222923800662
709.0,0.0002,0.00018,0.9,0.2924038303442689
711.0,0.00014000000000000001,0.00012000000000000002,0.8571428571428572,0.3371981967726185
713.0,0.00022,0.00014000000000000001,0.6363636363636364,0.21756110051385427
715.0,0.00021,0.00017,0.8095238095238095,0.26411150312210313
717.0,0.00015000000000000001,0.00017,1.1333333333333333,0.4014787481115099
719.0,0.00019,0.00029,1.526315789473684,0.4504942127480581
721.0,0.00026000000000000003,0.0002,0.7692307692307692,0.22878834235717402
723.0,0.0002,0.00019,0.95,0.3043435558706641
725.0,0.00022,0.00019,0.8636363636363636,0.27047971964232576
727.0,0.00016,0.0002,1.25,0.4192627457812106
729.0,0.00017,0.00016,0.9411764705882353,0.32782613930316984
731.0,0.00015000000000000001,0.0002,1.3333333333333333,0.45542003404264886
733.0,0.00022,0.00013000000000000002,0.5909090909090909,0.20671485021951677
735.0,0.00014000000000000001,0.00016,1.1428571428571428,0.4182428884065142
737.0,0.00023,0.00011,0.4782608695652174,0.1753250805395379
739.0,0.00015000000000000001,0.00019,1.2666666666666666,0.4375013227493231
741.0,0.00013000000000000002,0.00022,1.692307692307692,0.5920117603919887
743.0,0.00019,0.00022,1.1578947368421053,0.362637629658963
745.0,0.00015000000000000001,0.00018,1.2,0.41952353926806063
747.0,0.0002,0.00015000000000000001,0.75,0.25617376914899
749.0,0.00011,0.00016,1.4545454545454546,0.5697086922186475
751.0,0.00022,0.00024000000000000003,1.090909090909091,0.32199602874013483
753.0,0.00012000000000000002,0.00023,1.9166666666666665,0.6825367986280897
755.0,0.00012000000000000002,0.00013000000000000002,1.0833333333333333,0.4336804165554443
757.0,0.0002,0.00017,0.85,0.28040149785619906
759.0,9e-05,0.0002,2.2222222222222223,0.8919699687994292
761.0,0.00013000000000000002,0.00014000000000000001,1.0769230769230769,0.41479247735673097
763.0,0.00012000000000000002,6.000000000000001e-05,0.5,0.25
765.0,0.00012000000000000002,0.00018,1.4999999999999998,0.5590169943749473
767.0,0.00027,0.0001,0.3703703703703704,0.13710560698730603
769.0,0.00012000000000000002,0.0002,1.6666666666666665,0.6085806194501846
771.0,0.00026000000000000003,0.00016,0.6153846153846153,0.1955350490160746
773.0,0.00012000000000000002,0.00014000000000000001,1.1666666666666665,0.4589642122738418
775.0,0.00013000000000000002,0.00016,1.2307692307692306,0.45956184234195496
777.0,0.00012000000000000002,0.00014000000000000001,1.1666666666666665,0.4589642122738418
779.0,0.00018,0.00015000000000000001,0.8333333333333334,0.29133579115837543
781.0,0.00018,0.00017,0.9444444444444444,0.3194108946418582
783.0,0.00017,0.00014000000000000001,0.823529411764706,0.2972155193286147
785.0,0.00015000000000000001,0.0002,1.3333333333333333,0.45542003404264886
787.0,0.00012000000000000002,0.00012000000000000002,1.0,0.408248290463863
789.0,0.0001,0.00015000000000000001,1.5,0.6123724356957946
791.0,8e-05,0.00016,2.0,0.8660254037844387
793.0,0.00017,0.00015000000000000001,0.8823529411764706,0.3125699596023866
795.0,0.00022,0.00014000000000000001,0.6363636363636364,0.21756110051385427
797.0,0.00017,0.00025,1.4705882352941175,0.4622972047019857
799.0,0.0001,0.00014000000000000001,1.4000000000000001,0.5796550698475776
801.0,0.0002,0.00015000000000000001,0.75,0.25617376914899
803.0,0.00017,0.00016,0.9411764705882353,0.32782613930316984
805.0,0.00015000000000000001,9e-05,0.6,0.25298221281347033
807.0,0.00014000000000000001,0.00018,1.2857142857142856,0.4581621289927275
809.0,0.00018,0.00024000000000000003,1.3333333333333335,0.41573970964154905
811.0,0.00013000000000000002,0.00014000000000000001,1.0769230769230769,0.41479247735673097
813.0,0.00019,0.00017,0.8947368421052632,0.29870693776639495
815.0,0.00014000000000000001,0.0001,0.7142857142857142,0.2957423825752946
817.0,0.00011,0.00016,1.4545454545454546,0.5697086922186475
819.0,0.00011,0.00015000000000000001,1.3636363636363638,0.5413065419442253
821.0,8e-05,0.00016,2.0,0.8660254037844387
823.0,0.00017,0.00018,1.0588235294117647,0.3580938749618064
825.0,0.00014000000000000001,0.00018,1.2857142857142856,0.4581621289927275
827.0,0.00016,0.00014000000000000001,0.875,0.3202172114362375
829.0,0.00011,0.00019,1.7272727272727273,0.6544076990026167
831.0,0.00015000000000000001,0.00017,1.1333333333333333,0.4014787481115099
833.0,0.00013000000000000002,0.00015000000000000001,1.1538461538461537,0.43722966158369625
835.0,0.00018,0.00018,1.0,0.3333333333333333
837.0,0.0002,0.00014000000000000001,0.7000000000000001,0.2439262183530094
839.0,0.00017,0.00013000000000000002,0.7647058823529412,0.28174675412902817
841.0,0.00027,0.00013000000000000002,0.4814814814814815,0.16253841693935392
843.0,0.00016,0.0002,1.25,0.4192627457812106
845.0,0.00015000000000000001,0.00016,1.0666666666666667,0.3833574871617391
847.0,0.00012000000000000002,8e-05,0.6666666666666666,0.30429030972509225
849.0,8e-05,0.00011,1.375,0.6389077593831523
851.0,0.00017,0.00016,0.9411764705882353,0.32782613930316984
853.0,0.00016,0.00019,1.1875,0.4029311549446133
855.0,0.00019,0.00016,0.8421052631578948,0.2857351126477036
857.0,0.00017,0.00012000000000000002,0.7058823529411765,0.2661437304225524
859.0,8e-05,0.00013000000000000002,1.625,0.7302075903467452
861.0,0.00024000000000000003,0.00016,0.6666666666666666,0.2151657414559676
863.0,0.00013000000000000002,0.00015000000000000001,1.1538461538461537,0.43722966158369625
865.0,0.00012000000000000002,0.00019,1.5833333333333333,0.5838291543606584
867.0,0.00015000000000000001,0.00019,1.2666666666666666,0.4375013227493231
869.0,0.00014000000000000001,0.00019,1.357142857142857,0.47801521134170244
871.0,0.00016,0.00021,1.3125,0.43554249577394855
873.0,0.0001,0.00012000000000000002,1.2000000000000002,0.5138093031466052
875.0,0.00017,0.00011,0.6470588235294117,0.25038134969031894
877.0,0.00011,0.00022,2.0,0.7385489458759964
879.0,0.00015000000000000001,0.00016,1.0666666666666667,0.3833574871617391
881.0,0.00015000000000000001,0.00014000000000000001,0.9333333333333333,0.346837564713363
883.0,0.00017,0.00017,1.0,0.3429971702850177
885.0,0.00013000000000000002,0.00012000000000000002,0.9230769230769231,0.36952650878097026
887.0,0.00014000000000000001,0.00028000000000000003,2.0,0.6546536707079772
889.0,0.00019,0.00015000000000000001,0.7894736842105263,0.2726808798299105
891.0,0.00019,0.00014000000000000001,0.736842105263158,0.259531804495772
893.0,0.00012000000000000002,8e-05,0.6666666666666666,0.30429030972509225
895.0,0.0002,0.0001,0.5,0.19364916731037085
897.0,0.00022,9e-05,0.4090909090909091,0.16187063872562724
899.0,0.00024000000000000003,0.00011,0.45833333333333326,0.1668835394541377
901.0,0.00018,0.00017,0.9444444444444444,0.3194108946418582
903.0,0.00018,0.00014000000000000001,0.7777777777777778,0.2771598064276994
905.0,0.00016,0.00015000000000000001,0.9375,0.33693529145074724
907.0,0.00013000000000000002,0.0001,0.7692307692307692,0.32355557667437435
909.0,0.00012000000000000002,0.00014000000000000001,1.1666666666666665,0.4589642122738418
911.0,0.00027,0.00011,0.40740740740740744,0.14572782888580885
913.0,0.00018,0.00018,1.0,0.3333333333333333
915.0,0.00017,0.00012000000000000002,0.7058823529411765,0.2661437304225524
917.0,0.00016,0.00017,1.0625,0.3700849775727191
919.0,0.00017,0.0001,0.5882352941176471,0.23442746970178993
921.0,0.00018,0.00012000000000000002,0.6666666666666667,0.24845199749997665
923.0,0.0001,0.00014000000000000001,1.4000000000000001,0.5796550698475776
925.0,0.00021,8e-05,0.380952380952381,0.15827599425501268
927.0,0.00013000000000000002,0.0002,1.5384615384615383,0.5480963870726349
929.0,0.00023,0.0002,0.8695652173913043,0.2658627371152993
931.0,0.00016,0.00016,1.0,0.3535533905932738
933.0,0.00017,0.00013000000000000002,0.7647058823529412,0.28174675412902817
935.0,0.00021,0.00016,0.761904761904762,0.2528319249844237
937.0,0.00027,0.00014000000000000001,0.5185185185185186,0.17076949729420932
939.0,0.0001,0.00021,2.1,0.8068457101577724
941.0,0.0001,0.00013000000000000002,1.3,0.5468089245796927
943.0,0.00012000000000000002,0.00012000000000000002,1.0,0.408248290463863
945.0,0.00017,0.00023,1.352941176470588,0.43273351421075384
947.0,0.00017,0.00019,1.1176470588235294,0.3731252752030054
949.0,0.00019,0.00012000000000000002,0.6315789473684211,0.23288475963416844
951.0,0.00017,0.00016,0.9411764705882353,0.32782613930316984
953.0,0.00013000000000000002,8e-05,0.6153846153846153,0.27652831823782065
955.0,6.000000000000001e-05,0.00019,3.1666666666666665,1.482927535004349
957.0,0.0002,0.00015000000000000001,0.75,0.25617376914899
959.0,0.00015000000000000001,0.00016,1.0666666666666667,0.3833574871617391
961.0,0.00017,0.00016,0.9411764705882353,0.32782613930316984
963.0,0.00019,0.00013000000000000002,0.6842105263157895,0.24627269552235867
965.0,0.00012000000000000002,0.00022,1.833333333333333,0.6579288490181672
967.0,0.00024000000000000003,0.00018,0.7499999999999999,0.23385358667337133
969.0,0.00015000000000000001,0.00017,1.1333333333333333,0.4014787481115099
971.0,0.00011,0.00015000000000000001,1.3636363636363638,0.5413065419442253
973.0,0.0002,0.00011,0.55,0.20645822822062582
975.0,0.00016,0.00018,1.125,0.38654115240165565
977.0,8e-05,0.00019,2.375,1.0009760861279353
979.0,0.00016,0.0002,1.25,0.4192627457812106
981.0,0.00022,9e-05,0.4090909090909091,0.16187063872562724
983.0,0.00012000000000000002,0.00022,1.833333333333333,0.6579288490181672
985.0,0.00015000000000000001,0.00014000000000000001,0.9333333333333333,0.346837564713363
987.0,9e-05,0.0001,1.1111111111111112,0.5105203241514897
989.0,0.00013000000000000002,0.00014000000000000001,1.0769230769230769,0.41479247735673097
991.0,0.00012000000000000002,0.00017,1.4166666666666665,0.5341356811952613
993.0,0.00016,0.00019,1.1875,0.4029311549446133
995.0,0.00022,0.00015000000000000001,0.6818181818181819,0.2283034478770458
997.0,0.00025,0.0001,0.4,0.14966629547095764
999.0,0.00016,0.00018,1.125,0.38654115240165565
1001.0,0.00015000000000000001,0.00016,1.0666666666666667,0.3833574871617391
1003.0,0.00018,0.00016,0.888888888888889,0.3054152315272341
1005.0,0.00013000000000000002,0.0002,1.5384615384615383,0.5480963870726349
1007.0,0.00021,0.00012000000000000002,0.5714285714285715,0.20678481841592738
1009.0,0.00018,0.00015000000000000001,0.8333333333333334,0.29133579115837543
1011.0,0.00018,0.00015000000000000001,0.8333333333333334,0.29133579115837543
1013.0,0.00017,0.00012000000000000002,0.7058823529411765,0.2661437304225524
1015.0,0.0001,0.00016,1.6,0.644980619863884
1017.0,0.00018,0.00019,1.0555555555555556,0.3471913566528273
1019.0,0.00014000000000000001,0.00017,1.2142857142857142,0.43824125043862067
1021.0,0.00017,0.00021,1.2352941176470589,0.4030213594354584
1023.0,0.00018,8e-05,0.4444444444444445,0.18885257457751053
1025.0,0.00017,0.00013000000000000002,0.7647058823529412,0.28174675412902817
1027.0,0.00018,0.0002,1.1111111111111112,0.36099238314107274
1029.0,0.00017,0.00022,1.2941176470588234,0.4178979703431624
1031.0,0.00019,0.0002,1.0526315789473684,0.33722277658799343
1033.0,0.00014000000000000001,0.00017,1.2142857142857142,0.43824125043862067
1035.0,0.00017,0.00012000000000000002,0.7058823529411765,0.2661437304225524
1037.0,9e-05,0.0002,2.2222222222222223,0.8919699687994292
1039.0,0.00021,0.00013000000000000002,0.6190476190476191,0.2184651627121909
1041.0,0.00014000000000000001,0.00012000000000000002,0.8571428571428572,0.3371981967726185
1043.0,0.00011,0.00022,2.0,0.7385489458759964
1045.0,0.00013000000000000002,0.0002,1.5384615384615383,0.5480963870726349
1047.0,0.00012000000000000002,0.00022,1.833333333333333,0.6579288490181672
1049.0,0.00013000000000000002,0.00014000000000000001,1.0769230769230769,0.41479247735673097
1051.0,0.00018,0.00012000000000000002,0.6666666666666667,0.24845199749997665
1053.0,0.00016,0.00019,1.1875,0.4029311549446133
1055.0,0.00023,0.00015000000000000001,0.6521739130434783,0.21644406104298441
1057.0,0.00013000000000000002,0.00014000000000000001,1.0769230769230769,0.41479247735673097
1059.0,0.00014000000000000001,9e-05,0.6428571428571428,0.2746585476264239
1061.0,0.0001,0.00015000000000000001,1.5,0.6123724356957946
1063.0,0.0001,0.00015000000000000001,1.5,0.6123724356957946
1065.0,0.00019,0.00023,1.2105263157894737,0.37528236926965797
1067.0,0.00012000000000000002,0.00016,1.3333333333333333,0.5091750772173155
1069.0,0.00016,0.00015000000000000001,0.9375,0.33693529145074724
1071.0,0.00016,0.00022,1.375,0.45177600921253
1073.0,0.00022,0.00016,0.7272727272727273,0.23895590569918942
1075.0,0.00018,0.00014000000000000001,0.7777777777777778,0.2771598064276994
1077.0,0.00022,0.00016,0.7272727272727273,0.23895590569918942
1079.0,0.00016,0.00017,1.0625,0.3700849775727191
1081.0,0.00013000000000000002,0.00014000000000000001,1.0769230769230769,0.41479247735673097
1083.0,0.00016,0.00016,1.0,0.3535533905932738
1085.0,0.00015000000000000001,0.0002,1.3333333333333333,0.45542003404264886
1087.0,0.00018,0.00016,0.888888888888889,0.3054152315272341
1089.0,0.00013000000000000002,0.00018,1.3846153846153846,0.5039669668607712
1091.0,0.00015000000000000001,0.00023,1.5333333333333332,0.5088840368521722
1093.0,0.00016,0.00017,1.0625,0.3700849775727191
1095.0,0.0001,0.00018,1.8,0.7099295739719539
1097.0,0.00017,0.00014000000000000001,0.823529411764706,0.2972155193286147
1099.0,0.0002,0.00015000000000000001,0.75,0.25617376914899
1101.0,9e-05,0.00018,2.0,0.816496580927726
1103.0,0.00014000000000000001,0.00022,1.5714285714285714,0.5372427175954361
1105.0,0.00013000000000000002,0.00014000000000000001,1.0769230769230769,0.41479247735673097
1107.0,0.00019,0.00017,0.8947368421052632,0.29870693776639495
1109.0,0.00017,0.00016,0.9411764705882353,0.32782613930316984
1111.0,0.00018,0.00016,0.888888888888889,0.3054152315272341
1113.0,0.00024000000000000003,9e-05,0.37499999999999994,0.14657549249448218
1115.0,0.00019,0.00017,0.8947368421052632,0.29870693776639495
1117.0,0.00012000000000000002,0.00015000000000000001,1.25,0.48412291827592707
1119.0,0.00016,0.00015000000000000001,0.9375,0.33693529145074724
1121.0,0.00022,0.00019,0.8636363636363636,0.27047971964232576
1123.0,0.0001,0.00017,1.7,0.677495387438173
1125.0,0.00012000000000000002,0.00017,1.4166666666666665,0.5341356811952613
1127.0,0.00014000000000000001,0.0002,1.4285714285714284,0.49780860888369255
1129.0,0.00014000000000000001,0.00017,1.2142857142857142,0.43824125043862067
1131.0,0.00022,0.00015000000000000001,0.6818181818181819,0.2283034478770458
1133.0,0.00016,0.00017,1.0625,0.3700849775727191
1135.0,0.00021,0.00016,0.761904761904762,0.2528319249844237
1137.0,0.00015000000000000001,0.0002,1.3333333333333333,0.45542003404264886
1139.0,0.00018,0.00015000000000000001,0.8333333333333334,0.29133579115837543
1141.0,0.00017,0.0002,1.1764705882352942,0.3880989589705177
1143.0,0.00015000000000000001,0.00023,1.5333333333333332,0.5088840368521722
1145.0,0.00021,0.00019,0.9047619047619048,0.28646914643725635
1147.0,0.00024000000000000003,0.00022,0.9166666666666665,0.27056610748302995
1149.0,0.00014000000000000001,0.00022,1.5714285714285714,0.5372427175954361
1151.0,0.00025,0.00015000000000000001,0.6000000000000001,0.19595917942265426
1153.0,0.00019,0.00011,0.5789473684210527,0.2193444088069712
1155.0,0.00021,0.00017,0.8095238095238095,0.26411150312210313
1157.0,0.00016,0.00021,1.3125,0.43554249577394855
1159.0,0.00013000000000000002,9e-05,0.6923076923076923,0.300204754886765
1161.0,9e-05,0.00018,2.0,0.816496580927726
1163.0,0.00012000000000000002,0.0002,1.6666666666666665,0.6085806194501846
1165.0,0.00016,0.0002,1.25,0.4192627457812106
1167.0,0.00012000000000000002,0.00017,1.4166666666666665,0.5341356811952613
1169.0,0.00015000000000000001,0.00016,1.0666666666666667,0.3833574871617391
1171.0,0.00015000000000000001,0.00019,1.2666666666666666,0.4375013227493231
1173.0,0.00018,0.00011,0.611111111111111,0.2338764988947239
1175.0,0.00025,0.0002,0.8,0.24000000000000002
1177.0,0.00015000000000000001,0.0002,1.3333333333333333,0.45542003404264886
1179.0,0.00012000000000000002,0.00013000000000000002,1.0833333333333333,0.4336804165554443
1181.0,0.00011,0.00017,1.5454545454545454,0.598018264962828
1183.0,0.00026000000000000003,0.00018,0.6923076923076923,0.2122768179248769
1185.0,0.00018,0.00018,1.0,0.3333333333333333
1187.0,0.00023,0.00014000000000000001,0.6086956521739131,0.2063351061985605
1189.0,0.00016,0.00019,1.1875,0.4029311549446133
1191.0,0.0002,0.00014000000000000001,0.7000000000000001,0.2439262183530094
1193.0,0.00017,0.00014000000000000001,0.823529411764706,0.2972155193286147
1195.0,0.00016,0.00024000000000000003,1.5,0.4841229182759271
1197.0,0.00016,0.0002,1.25,0.4192627457812106
1199.0,0.00019,0.00023,1.2105263157894737,0.37528236926965797
1201.0,0.00015000000000000001,0.00018,1.2,0.41952353926806063
1203.0,0.00012000000000000002,0.00022,1.833333333333333,0.6579288490181672
1205.0,0.00021,0.00015000000000000001,0.7142857142857143,0.2414726442081476
1207.0,0.0002,0.00016,0.8,0.26832815729997483
1209.0,0.00025,0.00026000000000000003,1.04,0.29131426329653004
1211.0,0.00019,0.00015000000000000001,0.7894736842105263,0.2726808798299105
1213.0,0.00016,0.00019,1.1875,0.4029311549446133
1215.0,0.00021,0.00019,0.9047619047619048,0.28646914643725635
1217.0,0.00017,0.00015000000000000001,0.8823529411764706,0.3125699596023866
1219.0,0.00019,0.00015000000000000001,0.7894736842105263,0.2726808798299105
1221.0,0.00013000000000000002,0.00024000000000000003,1.8461538461538463,0.635757444665718
1223.0,0.0002,0.0002,1.0,0.316227766016838
1225.0,0.00015000000000000001,0.0002,1.3333333333333333,0.45542003404264886
1227.0,0.00018,0.00021,1.1666666666666667,0.37474271008977894
1229.0,0.00022,0.00015000000000000001,0.6818181818181819,0.2283034478770458
1231.0,0.00024000000000000003,0.0002,0.8333333333333333,0.252304196174791
1233.0,0.00013000000000000002,0.00018,1.3846153846153846,0.5039669668607712
1235.0,0.00016,0.00013000000000000002,0.8125,0.30338262248355624
1237.0,0.00018,0.00018,1.0,0.3333333333333333
1239.0,0.0002,0.00011,0.55,0.20645822822062582
1241.0,0.00018,0.00013000000000000002,0.7222222222222222,0.2628716586403405
1243.0,0.00015000000000000001,0.00035000000000000005,2.3333333333333335,0.7200822998230957
1245.0,0.0001,0.00016,1.6,0.644980619863884
1247.0,0.00016,0.00029,1.8124999999999998,0.5644497458808888
1249.0,0.00011,0.0002,1.8181818181818181,0.6825065395723167
1251.0,0.00018,0.00013000000000000002,0.7222222222222222,0.2628716586403405
1253.0,0.00021,0.00013000000000000002,0.6190476190476191,0.2184651627121909
1255.0,0.00014000000000000001,0.00025,1.7857142857142856,0.5960878288544859
1257.0,0.00022,0.00025,1.1363636363636362,0.33218874361184975
1259.0,0.00012000000000000002,0.00016,1.3333333333333333,0.5091750772173155
1261.0,0.00019,0.00013000000000000002,0.6842105263157895,0.24627269552235867
1263.0,6.000000000000001e-05,0.00017,2.833333333333333,1.3454312264791481
1265.0,0.00019,0.00022,1.1578947368421053,0.362637629658963
1267.0,0.0002,0.0002,1.0,0.316227766016838
1269.0,0.0002,0.00022,1.1,0.3398529093593286
1271.0,0.00018,0.00016,0.888888888888889,0.3054152315272341
1273.0,0.00019,0.00014000000000000001,0.736842105263158,0.259531804495772
1275.0,0.00016,0.00015000000000000001,0.9375,0.33693529145074724
1277.0,0.0002,0.00021,1.05,0.328062494046485
1279.0,0.00017,0.00018,1.0588235294117647,0.3580938749618064
1281.0,0.00019,0.00018,0.9473684210526316,0.3116066469681885
1283.0,0.00023,0.00011,0.4782608695652174,0.1753250805395379
1285.0,0.00018,0.00022,1.222222222222222,0.3884477215445006
1287.0,0.00015000000000000001,0.00019,1.2666666666666666,0.4375013227493231
1289.0,0.0002,0.00019,0.95,0.3043435558706641
1291.0,0.00011,0.00029,2.6363636363636362,0.9335551237317646
1293.0,0.00017,0.00023,1.352941176470588,0.43273351421075384
1295.0,0.00021,0.00024000000000000003,1.142857142857143,0.3414938883812554
1297.0,0.00022,0.00027,1.2272727272727273,0.35248926962263466
1299.0,0.00027,0.00013000000000000002,0.4814814814814815,0.16253841693935392
1301.0,0.00019,0.00023,1.2105263157894737,0.37528236926965797
1303.0,0.00012000000000000002,0.00022,1.833333333333333,0.6579288490181672
1305.0,0.00022,0.0001,0.45454545454545453,0.1733568344082895
1307.0,0.00026000000000000003,0.00021,0.8076923076923076,0.23697282963353486
1309.0,0.00016,0.00017,1.0625,0.3700849775727191
1311.0,0.00023,0.00014000000000000001,0.6086956521739131,0.2063351061985605
1313.0,0.00021,0.00019,0.9047619047619048,0.28646914643725635
1315.0,0.00016,0.00021,1.3125,0.43554249577394855
1317.0,0.00021,0.00016,0.761904761904762,0.2528319249844237
1319.0,0.00015000000000000001,0.00018,1.2,0.41952353926806063
1321.0,0.00014000000000000001,0.00024000000000000003,1.7142857142857144,0.5765080364010422
1323.0,0.00023,0.00022,0.9565217391304348,0.2852501249140104
1325.0,0.00017,0.00030000000000000003,1.7647058823529411,0.5357179203738175
1327.0,0.00012000000000000002,0.00021,1.7499999999999998,0.6332785063987776
1329.0,0.0002,0.00015000000000000001,0.75,0.25617376914899
1331.0,0.00012000000000000002,0.00018,1.4999999999999998,0.5590169943749473
1333.0,0.00018,0.00023,1.2777777777777777,0.4021120509371937
1335.0,0.00016,0.00019,1.1875,0.4029311549446133
1337.0,0.00018,0.00024000000000000003,1.3333333333333335,0.41573970964154905
1339.0,0.0002,0.00019,0.95,0.3043435558706641
1341.0,0.0002,0.00016,0.8,0.26832815729997483
1343.0,0.00029,0.00015000000000000001,0.5172413793103449,0.1645034350109038
1345.0,0.00028000000000000003,0.00014000000000000001,0.5,0.1636634176769943
1347.0,0.00022,0.00030000000000000003,1.3636363636363638,0.38276152650940204
1349.0,0.00019,0.00018,0.9473684210526316,0.3116066469681885
1351.0,0.00023,0.00024000000000000003,1.0434782608695654,0.3044828218026599
1353.0,0.00012000000000000002,0.00018,1.4999999999999998,0.5590169943749473
1355.0,0.00024000000000000003,0.00018,0.7499999999999999,0.23385358667337133
1357.0,0.00018,0.00023,1.2777777777777777,0.4021120509371937
1359.0,0.00021,0.00021,1.0,0.3086066999241838
1361.0,0.00018,0.00013000000000000002,0.7222222222222222,0.2628716586403405
1363.0,0.00019,0.00021,1.1052631578947367,0.349952613791773
1365.0,0.00018,0.00022,1.222222222222222,0.3884477215445006
1367.0,0.00021,0.00028000000000000003,1.3333333333333335,0.3849001794597505
1369.0,0.00022,0.00019,0.8636363636363636,0.27047971964232576
1371.0,0.0002,0.00021,1.05,0.328062494046485
1373.0,0.00021,0.00024000000000000003,1.142857142857143,0.3414938883812554
1375.0,0.00027,0.0002,0.7407407407407408,0.21853363040908239
1377.0,0.00025,0.00016,0.64,0.20489997559785117
1379.0,0.00018,0.00026000000000000003,1.4444444444444444,0.44289854604079254
1381.0,0.00018,0.00027,1.5,0.4564354645876384
1383.0,0.00017,0.00023,1.352941176470588,0.43273351421075384
1385.0,0.00019,0.00022,1.1578947368421053,0.362637629658963
1387.0,0.00015000000000000001,0.00018,1.2,0.41952353926806063
1389.0,0.00016,0.00028000000000000003,1.75,0.5484352742120077
1391.0,0.00014000000000000001,0.00030000000000000003,2.142857142857143,0.6935773660394461
1393.0,0.00019,0.00019,1.0,0.3244428422615251
1395.0,0.00023,0.00016,0.6956521739130435,0.2264647127693299
1397.0,0.00030000000000000003,0.00019,0.6333333333333333,0.18569189934265165
1399.0,0.00018,0.00025,1.3888888888888888,0.4293341896062826
1401.0,0.00023,0.00032,1.391304347826087,0.3803334998853472
1403.0,0.00027,0.0002,0.7407407407407408,0.21853363040908239
1405.0,0.00018,0.00027,1.5,0.4564354645876384
1407.0,0.00023,0.00028000000000000003,1.2173913043478262,0.34258816017064847
1409.0,0.00018,0.00019,1.0555555555555556,0.3471913566528273
1411.0,0.00023,0.00022,0.9565217391304348,0.2852501249140104
1413.0,0.00021,0.00022,1.0476190476190477,0.3196072527749441
1415.0,0.00014000000000000001,0.00029,2.071428571428571,0.6741261485359706
1417.0,0.00023,0.00019,0.8260869565217391,0.25610006674167585
1419.0,0.00024000000000000003,0.00018,0.7499999999999999,0.23385358667337133
1421.0,0.00028000000000000003,0.00031,1.107142857142857,0.28864883281947745
1423.0,0.00021,0.00028000000000000003,1.3333333333333335,0.3849001794597505
1425.0,0.00023,0.00026000000000000003,1.1304347826086958,0.32358841143464045
1427.0,0.00018,0.00018,1.0,0.3333333333333333
1429.0,0.00024000000000000003,0.00024000000000000003,1.0,0.2886751345948129
1431.0,0.0002,0.00027,1.3499999999999999,0.3982775414205527
1433.0,0.00039000000000000005,0.00025,0.641025641025641,0.16423400390265344
1435.0,0.00025,0.00035000000000000005,1.4000000000000001,0.36660605559646725
1437.0,0.00027,0.00028000000000000003,1.0370370370370372,0.2797143286908054
1439.0,0.00026000000000000003,0.00026000000000000003,1.0,0.2773500981126146
1441.0,0.00028000000000000003,0.00028000000000000003,1.0,0.26726124191242434
1443.0,0.00029,0.00025,0.8620689655172414,0.23527180662793556
1445.0,0.00015000000000000001,0.0002,1.3333333333333333,0.45542003404264886
1447.0,0.00016,0.00029,1.8124999999999998,0.5644497458808888
1449.0,0.00024000000000000003,0.00018,0.7499999999999999,0.23385358667337133
1451.0,0.00022,0.00027,1.2272727272727273,0.35248926962263466
1453.0,0.0002,0.00024000000000000003,1.2000000000000002,0.3633180424916991
1455.0,0.00025,0.00026000000000000003,1.04,0.29131426329653004
1457.0,0.00012000000000000002,0.00022,1.833333333333333,0.6579288490181672
1459.0,0.00027,0.00024000000000000003,0.888888888888889,0.24937049230523656
1461.0,0.00021,0.00021,1.0,0.3086066999241838
1463.0,0.0002,0.00016,0.8,0.26832815729997483
1465.0,0.00019,0.00025,1.3157894736842104,0.4004662685540432
1467.0,0.00022,0.00026000000000000003,1.1818181818181819,0.3423523169786444
1469.0,0.00024000000000000003,0.00021,0.8749999999999999,0.2614562582918986
1471.0,0.00029,0.00037000000000000005,1.2758620689655173,0.31642867518989276
1473.0,0.00028000000000000003,0.00021,0.75,0.21650635094610962
1475.0,0.00019,0.00023,1.2105263157894737,0.37528236926965797
1477.0,0.00030000000000000003,0.0002,0.6666666666666666,0.19245008972987526
1479.0,0.00026000000000000003,0.00025,0.9615384615384615,0.26933641207149595
1481.0,0.00015000000000000001,0.00031,2.0666666666666664,0.6500142448581557
1483.0,0.00030000000000000003,0.00023,0.7666666666666666,0.21248093596402512
1485.0,0.00028000000000000003,0.00023,0.8214285714285714,0.23115961317636863
1487.0,0.00013000000000000002,0.00031,2.384615384615384,0.7879382012647244
1489.0,0.00023,0.00026000000000000003,1.1304347826086958,0.32358841143464045
1491.0,0.00032,0.00033000000000000005,1.03125,0.25585192021582526
1493.0,0.00025,0.00025,1.0,0.28284271247461906
1495.0,0.00022,0.00023,1.0454545454545454,0.3117713142138667
1497.0,0.00021,0.00025,1.1904761904761905,0.35238708090521664
1499.0,0.00026000000000000003,0.00030000000000000003,1.1538461538461537,0.3091680586417309
1501.0,0.00027,0.00023,0.8518518518518519,0.24171481737594097
1503.0,0.00025,0.00033000000000000005,1.3200000000000003,0.3499942856676378
1505.0,0.00025,0.00034,1.36,0.35830713082493915
1507.0,0.00027,0.00027,1.0,0.27216552697590873
1509.0,0.00029,0.00032,1.103448275862069,0.2829064895688571
1511.0,0.00029,0.00026000000000000003,0.8965517241379312,0.24214249995096776
1513.0,0.00025,0.00031,1.24,0.33332266649599457
1515.0,0.00022,0.00032,1.4545454545454546,0.40284487956872533
1517.0,0.00025,0.00018,0.7200000000000001,0.2225668438918969
1519.0,0.00029,0.00026000000000000003,0.8965517241379312,0.24214249995096776
1521.0,0.00024000000000000003,0.00025,1.0416666666666665,0.2976810451299001
1523.0,0.00030000000000000003,0.00031,1.0333333333333332,0.2646451152714462
1525.0,0.0002,0.00021,1.05,0.328062494046485
1527.0,0.00026000000000000003,0.00026000000000000003,1.0,0.2773500981126146
1529.0,0.00024000000000000003,0.00024000000000000003,1.0,0.2886751345948129
1531.0,0.00014000000000000001,0.00028000000000000003,2.0,0.6546536707079772
1533.0,0.00031,0.00033000000000000005,1.0645161290322582,0.26625907332727544
1535.0,0.00028000000000000003,0.00023,0.8214285714285714,0.23115961317636863
1537.0,0.00025,0.00021,0.84,0.24864432428672087
1539.0,0.00030000000000000003,0.00037000000000000005,1.2333333333333334,0.30300959525205606
1541.0,0.00015000000000000001,0.00024000000000000003,1.6,0.5266244708835067
1543.0,0.00022,0.00025,1.1363636363636362,0.33218874361184975
1545.0,0.00019,0.00028000000000000003,1.473684210526316,0.43802363327738414
1547.0,0.00027,0.00025,0.9259259259259259,0.2569958024032263
1549.0,0.00025,0.00027,1.08,0.2997599039231231
1551.0,0.00030000000000000003,0.00021,0.7,0.1991649232838621
1553.0,0.00035000000000000005,0.0002,0.5714285714285714,0.1601748315946823
1555.0,0.00031,0.00041000000000000005,1.3225806451612905,0.3147861643943109
1557.0,0.00018,0.00028000000000000003,1.5555555555555556,0.46994731631294523
1559.0,0.00027,0.00029,1.074074074074074,0.2872416192035416
1561.0,0.00022,0.00031,1.409090909090909,0.39281201259019755
1563.0,0.00019,0.00028000000000000003,1.473684210526316,0.43802363327738414
1565.0,0.00023,0.00027,1.1739130434782608,0.33310038160124944
1567.0,0.00030000000000000003,0.00032,1.0666666666666667,0.2710746787907006
1569.0,0.00024000000000000003,0.00022,0.9166666666666665,0.27056610748302995
1571.0,0.00030000000000000003,0.00027,0.8999999999999999,0.23874672772626643
1573.0,0.00036,0.00023,0.6388888888888888,0.17054389311475798
1575.0,0.00021,0.00028000000000000003,1.3333333333333335,0.3849001794597505
1577.0,0.00022,0.00030000000000000003,1.3636363636363638,0.38276152650940204
1579.0,0.00022,0.00032,1.4545454545454546,0.40284487956872533
1581.0,0.00025,0.00027,1.08,0.2997599039231231
1583.0,0.00024000000000000003,0.00034,1.4166666666666665,0.3776909622468652
1585.0,0.00023,0.00018,0.782608695652174,0.24628412949650433
1587.0,0.00023,0.00029,1.2608695652173914,0.3520537030247371
1589.0,0.00024000000000000003,0.00028000000000000003,1.1666666666666665,0.3245367068207756
1591.0,0.00027,0.00027,1.0,0.27216552697590873
1593.0,0.00029,0.00026000000000000003,0.8965517241379312,0.24214249995096776
1595.0,0.00036,0.00026000000000000003,0.7222222222222222,0.18587833240634014
1597.0,0.0002,0.00023,1.15,0.35160346983498336
1599.0,0.00029,0.00027,0.9310344827586207,0.24898827633695814
1601.0,0.00013000000000000002,0.00025,1.923076923076923,0.6575772417423925
1603.0,0.00024000000000000003,0.00026000000000000003,1.0833333333333333,0.30665836341416136
1605.0,0.00028000000000000003,0.00036,1.2857142857142856,0.32396954829362334
1607.0,0.00026000000000000003,0.00033000000000000005,1.2692307692307694,0.33283037460734466
1609.0,0.00023,0.00027,1.1739130434782608,0.33310038160124944
1611.0,0.00024000000000000003,0.00030000000000000003,1.25,0.3423265984407288
1613.0,0.00026000000000000003,0.00029,1.1153846153846152,0.30124532908101165
1615.0,0.00024000000000000003,0.00024000000000000003,1.0,0.2886751345948129
1617.0,0.00032,0.00030000000000000003,0.9375,0.23824922940588916
1619.0,0.00037000000000000005,0.00030000000000000003,0.8108108108108107,0.19920280184576364
1621.0,0.00014000000000000001,0.00024000000000000003,1.7142857142857144,0.5765080364010422
1623.0,0.00030000000000000003,0.00026000000000000003,0.8666666666666667,0.2322195640464557
1625.0,0.00023,0.00018,0.782608695652174,0.24628412949650433
1627.0,0.00026000000000000003,0.00039000000000000005,1.5,0.37977726265637496
1629.0,0.00025,0.00028000000000000003,1.12,0.3081817645481316
1631.0,0.00030000000000000003,0.00037000000000000005,1.2333333333333334,0.30300959525205606
1633.0,0.00032,0.00030000000000000003,0.9375,0.23824922940588916
1635.0,0.00037000000000000005,0.00030000000000000003,0.8108108108108107,0.19920280184576364
1637.0,0.00023,0.00024000000000000003,1.0434782608695654,0.3044828218026599
1639.0,0.00025,0.00022,0.88,0.2572469630530165
1641.0,0.00025,0.00029,1.16,0.3165817429985501
1643.0,0.00024000000000000003,0.00024000000000000003,1.0,0.2886751345948129
1645.0,0.00030000000000000003,0.00028000000000000003,0.9333333333333333,0.245251193979047
1647.0,0.00027,0.00033000000000000005,1.2222222222222223,0.31716623651025017
1649.0,0.00033000000000000005,0.00025,0.7575757575757575,0.20086908038776266
1651.0,0.00028000000000000003,0.00038,1.357142857142857,0.33800779745003845
1653.0,0.00024000000000000003,0.00034,1.4166666666666665,0.3776909622468652
1655.0,0.00025,0.00033000000000000005,1.3200000000000003,0.3499942856676378
1657.0,0.00031,0.00035000000000000005,1.1290322580645162,0.27846040419367074
1659.0,0.00035000000000000005,0.00023,0.657142857142857,0.17639076683292323
1661.0,0.0002,0.00016,0.8,0.26832815729997483
1663.0,0.00027,0.00026000000000000003,0.962962962962963,0.26459337293297963
1665.0,0.0002,0.00032,1.6,0.4560701700396553
1667.0,0.00030000000000000003,0.00032,1.0666666666666667,0.2710746787907006
1669.0,0.00019,0.00028000000000000003,1.473684210526316,0.43802363327738414
1671.0,0.00028000000000000003,0.00016,0.5714285714285714,0.17908090586514533
1673.0,0.00037000000000000005,0.00022,0.5945945945945945,0.1600791465153194
1675.0,0.00023,0.00028000000000000003,1.2173913043478262,0.34258816017064847
1677.0,0.00029,0.00025,0.8620689655172414,0.23527180662793556
1679.0,0.00029,0.00027,0.9310344827586207,0.24898827633695814
1681.0,0.00022,0.00029,1.3181818181818181,0.37269199591174373
1683.0,0.00025,0.00027,1.08,0.2997599039231231
1685.0,0.00034,0.00036,1.0588235294117647,0.25321060728686096
1687.0,0.00022,0.00027,1.2272727272727273,0.35248926962263466
1689.0,0.00024000000000000003,0.00036,1.4999999999999998,0.39528470752104744
1691.0,0.00025,0.00034,1.36,0.35830713082493915
1693.0,0.00025,0.00025,1.0,0.28284271247461906
1695.0,0.00033000000000000005,0.00032,0.9696969696969696,0.24058068530854457
1697.0,0.00033000000000000005,0.00025,0.7575757575757575,0.20086908038776266
1699.0,0.00037000000000000005,0.00025,0.6756756756756755,0.17492958385431767
1701.0,0.00032,0.00031,0.9687499999999999,0.24413281237499598
1703.0,0.00023,0.00024000000000000003,1.0434782608695654,0.3044828218026599
1705.0,0.00039000000000000005,0.00028000000000000003,0.717948717948718,0.1778359283846602
1707.0,0.00029,0.00028000000000000003,0.9655172413793104,0.2558111362044423
1709.0,0.00030000000000000003,0.00024000000000000003,0.8,0.21908902300206645
1711.0,0.00027,0.00032,1.1851851851851853,0.30971008596258076
1713.0,0.00025,0.00026000000000000003,1.04,0.29131426329653004
1715.0,0.00029,0.00028000000000000003,0.9655172413793104,0.2558111362044423
1717.0,0.00032,0.00029,0.9062499999999999,0.23234800559317265
1719.0,0.00019,0.00021,1.1052631578947367,0.349952613791773
1721.0,0.00024000000000000003,0.00031,1.2916666666666665,0.351192578013619
1723.0,0.00030000000000000003,0.00024000000000000003,0.8,0.21908902300206645
1725.0,0.00022,0.00034,1.5454545454545454,0.4228627704286292
1727.0,0.00034,0.00021,0.6176470588235294,0.17142439150497102
1729.0,0.00028000000000000003,0.00043000000000000004,1.5357142857142858,0.3729291704610381
1731.0,0.00025,0.00026000000000000003,1.04,0.29131426329653004
1733.0,0.00030000000000000003,0.00026000000000000003,0.8666666666666667,0.2322195640464557
1735.0,0.00034,0.00033000000000000005,0.9705882352941178,0.2371788700653052
1737.0,0.00034,0.0004,1.1764705882352942,0.27442740565949275
1739.0,0.00034,0.00026000000000000003,0.7647058823529412,0.19922504042193473
1741.0,0.00021,0.00024000000000000003,1.142857142857143,0.3414938883812554
1743.0,0.00030000000000000003,0.00028000000000000003,0.9333333333333333,0.245251193979047
1745.0,0.00029,0.00029,1.0,0.26261286571944514
1747.0,0.00036,0.00027,0.75,0.19094065395649332
1749.0,0.00026000000000000003,0.00025,0.9615384615384615,0.26933641207149595
1751.0,0.00032,0.00026000000000000003,0.8125,0.21452390965228096
1753.0,0.00030000000000000003,0.00036,1.2,0.2966479394838265
1755.0,0.00043000000000000004,0.00032,0.7441860465116279,0.17374124828782056
1757.0,0.00023,0.00038,1.6521739130434783,0.43648061623303336
1759.0,0.00027,0.0004900000000000001,1.814814814814815,0.43496988515963175
1761.0,0.00034,0.00026000000000000003,0.7647058823529412,0.19922504042193473
1763.0,0.00037000000000000005,0.00039000000000000005,1.054054054054054,0.2419003593687956
1765.0,0.00032,0.00041000000000000005,1.28125,0.3022236114669484
1767.0,0.00025,0.00031,1.24,0.33332266649599457
1769.0,0.00026000000000000003,0.00031,1.192307692307692,0.3170722633870336
1771.0,0.00036,0.00034,0.9444444444444444,0.2258576095861198
1773.0,0.00034,0.00033000000000000005,0.9705882352941178,0.2371788700653052
1775.0,0.00046,0.00037000000000000005,0.8043478260869567,0.17762461953683023
1777.0,0.00028000000000000003,0.00034,1.2142857142857142,0.30988335998082067
1779.0,0.00032,0.0002,0.625,0.1781524101717403
1781.0,0.00032,0.00048000000000000007,1.5,0.3423265984407288
1783.0,0.00032,0.00039000000000000005,1.21875,0.29069429617404774
1785.0,0.00031,0.00026000000000000003,0.838709677419355,0.22303938610784055
1787.0,0.00038,0.00027,0.7105263157894737,0.17883938407194466
1789.0,0.00041000000000000005,0.00029,0.7073170731707317,0.1716217135595341
1791.0,0.00028000000000000003,0.00035000000000000005,1.25,0.31693284552319373
1793.0,0.00037000000000000005,0.00025,0.6756756756756755,0.17492958385431767
1795.0,0.00030000000000000003,0.00032,1.0666666666666667,0.2710746787907006
1797.0,0.00034,0.00037000000000000005,1.0882352941176472,0.2585304254185324
1799.0,0.00031,0.00045000000000000004,1.4516129032258065,0.33882115008237595
1801.0,0.00028000000000000003,0.00033000000000000005,1.1785714285714286,0.30282019894039003
1803.0,0.00032,0.00030000000000000003,0.9375,0.23824922940588916
1805.0,0.00041000000000000005,0.00036,0.8780487804878049,0.20054915104647442
1807.0,0.00030000000000000003,0.00043000000000000004,1.4333333333333333,0.3409681205908542
1809.0,0.00037000000000000005,0.00041000000000000005,1.1081081081081081,0.25126768795412563
1811.0,0.00033000000000000005,0.00035000000000000005,1.0606060606060606,0.2573460867698763
1813.0,0.00032,0.00038,1.1875,0.2849153520126636
1815.0,0.00030000000000000003,0.00034,1.1333333333333333,0.2838883452919344
1817.0,0.00033000000000000005,0.00039000000000000005,1.1818181818181819,0.27952949628574814
1819.0,0.0005300000000000001,0.00024000000000000003,0.4528301886792453,0.1114133361871439
1821.0,0.00032,0.00030000000000000003,0.9375,0.23824922940588916
1823.0,0.00027,0.00039000000000000005,1.4444444444444446,0.3616251485401682
1825.0,0.00036,0.00032,0.888888888888889,0.21596118129056666
1827.0,0.00043000000000000004,0.00037000000000000005,0.8604651162790697,0.19294928437239442
1829.0,0.00035000000000000005,0.00043000000000000004,1.2285714285714284,0.2796916252729305
1831.0,0.00034,0.00035000000000000005,1.0294117647058825,0.2478792605768785
1833.0,0.00036,0.00039000000000000005,1.0833333333333335,0.25038550524055486
1835.0,0.00033000000000000005,0.00044,1.3333333333333333,0.30704412431455885
1837.0,0.00029,0.00030000000000000003,1.0344827586206897,0.2693950653942351
1839.0,0.00037000000000000005,0.00030000000000000003,0.8108108108108107,0.19920280184576364
1841.0,0.00041000000000000005,0.00033000000000000005,0.8048780487804879,0.1882335551194491
1843.0,0.00034,0.00033000000000000005,0.9705882352941178,0.2371788700653052
1845.0,0.00047000000000000004,0.00035000000000000005,0.7446808510638299,0.16626244448736602
1847.0,0.00035000000000000005,0.00033000000000000005,0.9428571428571428,0.22877541917746555
1849.0,0.00043000000000000004,0.00029,0.6744186046511628,0.16205504799373205
1851.0,0.00035000000000000005,0.00033000000000000005,0.9428571428571428,0.22877541917746555
1853.0,0.00034,0.0004,1.1764705882352942,0.27442740565949275
1855.0,0.00035000000000000005,0.00036,1.0285714285714285,0.24416215994673338
1857.0,0.00037000000000000005,0.00033000000000000005,0.8918918918918919,0.21355188234183342
1859.0,0.00035000000000000005,0.00030000000000000003,0.8571428571428571,0.2132628649406225
1861.0,0.00037000000000000005,0.00032,0.8648648648648648,0.20878387243184623
1863.0,0.00033000000000000005,0.00025,0.7575757575757575,0.20086908038776266
1865.0,0.00030000000000000003,0.00030000000000000003,1.0,0.2581988897471611
1867.0,0.00028000000000000003,0.00033000000000000005,1.1785714285714286,0.30282019894039003
1869.0,0.00034,0.00024000000000000003,0.7058823529411765,0.18819203655207126
1871.0,0.00035000000000000005,0.00038,1.0857142857142856,0.2543613737476869
1873.0,0.00030000000000000003,0.00033000000000000005,1.1,0.2774887385102322
1875.0,0.00023,0.0004,1.7391304347826086,0.455101761385381
1877.0,0.00027,0.00033000000000000005,1.2222222222222223,0.31716623651025017
1879.0,0.0004,0.00034,0.85,0.19827380058898356
1881.0,0.00035000000000000005,0.00039000000000000005,1.1142857142857143,0.2594454727929737
1883.0,0.00031,0.00021,0.6774193548387097,0.19145591062821102
1885.0,0.00029,0.00031,1.0689655172413792,0.2761591741339809
1887.0,0.00024000000000000003,0.00041000000000000005,1.7083333333333333,0.43906795749211336
1889.0,0.00025,0.00033000000000000005,1.3200000000000003,0.3499942856676378
1891.0,0.0004,0.00025,0.625,0.15934435979977454
1893.0,0.00037000000000000005,0.00028000000000000003,0.7567567567567567,0.18955406742438605
1895.0,0.00038,0.00037000000000000005,0.9736842105263158,0.2248827268854504
1897.0,0.00036,0.0004,1.1111111111111112,0.25526016207574487
1899.0,0.00045000000000000004,0.00041000000000000005,0.9111111111111111,0.1967081633001445
1901.0,0.00029,0.00029,1.0,0.26261286571944514
1903.0,0.00035000000000000005,0.00033000000000000005,0.9428571428571428,0.22877541917746555
1905.0,0.00028000000000000003,0.00025,0.8928571428571428,0.24568061587064058
1907.0,0.00032,0.00035000000000000005,1.09375,0.26751396356662394
1909.0,0.00030000000000000003,0.0004,1.3333333333333333,0.32203059435976533
1911.0,0.00034,0.00035000000000000005,1.0294117647058825,0.2478792605768785
1913.0,0.00031,0.00043000000000000004,1.3870967741935485,0.3268191882061581
1915.0,0.00029,0.00028000000000000003,0.9655172413793104,0.2558111362044423
1917.0,0.00031,0.00024000000000000003,0.7741935483870969,0.21049627984999433
1919.0,0.00026000000000000003,0.00030000000000000003,1.1538461538461537,0.3091680586417309
1921.0,0.00032,0.00030000000000000003,0.9375,0.23824922940588916
1923.0,0.00028000000000000003,0.00030000000000000003,1.0714285714285714,0.2815383604351305
1925.0,0.00043000000000000004,0.00035000000000000005,0.813953488372093,0.1853013742343645
1927.0,0.00024000000000000003,0.00022,0.9166666666666665,0.27056610748302995
1929.0,0.00018,0.00033000000000000005,1.8333333333333335,0.5371966557170477
1931.0,0.00035000000000000005,0.00034,0.9714285714285713,0.2339170818178543
1933.0,0.00028000000000000003,0.00025,0.8928571428571428,0.24568061587064058
1935.0,0.00025,0.00034,1.36,0.35830713082493915
1937.0,0.00030000000000000003,0.00033000000000000005,1.1,0.2774887385102322
1939.0,0.00029,0.00026000000000000003,0.8965517241379312,0.24214249995096776
1941.0,0.00028000000000000003,0.00039000000000000005,1.3928571428571428,0.34501077432789307
1943.0,0.00031,0.00025,0.8064516129032259,0.21678113065556356
1945.0,0.00028000000000000003,0.00029,1.0357142857142856,0.27440964993359174
1947.0,0.00024000000000000003,0.00035000000000000005,1.4583333333333333,0.38649436414845495
1949.0,0.00031,0.00030000000000000003,0.9677419354838711,0.24784662200239502
1951.0,0.00030000000000000003,0.00032,1.0666666666666667,0.2710746787907006
1953.0,0.00029,0.00025,0.8620689655172414,0.23527180662793556
1955.0,0.00036,0.0004,1.1111111111111112,0.25526016207574487
1957.0,0.00041000000000000005,0.00038,0.9268292682926829,0.20870341664298278
1959.0,0.00034,0.00027,0.7941176470588235,0.20470498746970608
1961.0,0.00034,0.0002,0.5882352941176471,0.1657652535225396
1963.0,0.00024000000000000003,0.00023,0.9583333333333333,0.2796378693291789
1965.0,0.00037000000000000005,0.00025,0.6756756756756755,0.17492958385431767
1967.0,0.00024000000000000003,0.0002,0.8333333333333333,0.252304196174791
1969.0,0.0002,0.00026000000000000003,1.3,0.3866522985836241
1971.0,0.00028000000000000003,0.00027,0.9642857142857142,0.26009151226479227
1973.0,0.00024000000000000003,0.00028000000000000003,1.1666666666666665,0.3245367068207756
1975.0,0.00025,0.00035000000000000005,1.4000000000000001,0.36660605559646725
1977.0,0.00025,0.00032,1.28,0.341666504065002
1979.0,0.00034,0.00023,0.676470588235294,0.18263456320193538
1981.0,0.00027,0.00027,1.0,0.27216552697590873
1983.0,0.00023,0.00036,1.565217391304348,0.41781641867056024
1985.0,0.00025,0.00026000000000000003,1.04,0.29131426329653004
1987.0,0.00031,0.00024000000000000003,0.7741935483870969,0.21049627984999433
1989.0,0.00033000000000000005,0.00036,1.0909090909090908,0.2629086565386259
1991.0,0.00034,0.00031,0.9117647058823529,0.22642227498864143
1993.0,0.00028000000000000003,0.00029,1.0357142857142856,0.27440964993359174
1995.0,0.00031,0.00023,0.7419354838709677,0.20418237784517587
1997.0,0.00032,0.00024000000000000003,0.75,0.20252314682524564
1999.0,0.00032,0.00026000000000000003,0.8125,0.21452390965228096
2001.0,0.00036,0.00034,0.9444444444444444,0.2258576095861198
2003.0,0.00029,0.00028000000000000003,0.9655172413793104,0.2558111362044423
2005.0,0.00034,0.00028000000000000003,0.823529411764706,0.2101631091911448
2007.0,0.00029,0.00030000000000000003,1.0344827586206897,0.2693950653942351
2009.0,0.00031,0.00038,1.2258064516129032,0.2966701170263199
2011.0,0.00027,0.00030000000000000003,1.1111111111111112,0.2947490465756376
2013.0,0.00032,0.00036,1.125,0.27332587007087344
2015.0,0.00031,0.00026000000000000003,0.838709677419355,0.22303938610784055
2017.0,0.00039000000000000005,0.00036,0.923076923076923,0.2133462293173958
2019.0,0.00035000000000000005,0.00033000000000000005,0.9428571428571428,0.22877541917746555
2021.0,0.00031,0.00032,1.0322580645161292,0.2601373567866763
2023.0,0.00029,0.00034,1.1724137931034484,0.2963553258344393
2025.0,0.00031,0.00030000000000000003,0.9677419354838711,0.24784662200239502
2027.0,0.00034,0.00027,0.7941176470588235,0.20470498746970608
2029.0,0.00022,0.00043000000000000004,1.9545454545454546,0.5123383731138912
2031.0,0.00023,0.00030000000000000003,1.3043478260869565,0.3614987568386061
2033.0,0.00031,0.00028000000000000003,0.903225806451613,0.2354845836945581
2035.0,0.00041000000000000005,0.00023,0.5609756097560975,0.1461430342204315
2037.0,0.00024000000000000003,0.00041000000000000005,1.7083333333333333,0.43906795749211336
2039.0,0.00026000000000000003,0.00034,1.3076923076923077,0.3406866075854386
2041.0,0.00030000000000000003,0.00024000000000000003,0.8,0.21908902300206645
2043.0,0.00026000000000000003,0.00027,1.0384615384615383,0.28533811962742917
2045.0,0.00031,0.00017,0.5483870967741936,0.1655017302981981
2047.0,0.00022,0.00045000000000000004,2.0454545454545454,0.5321200668925973
2049.0,0.00032,0.00029,0.9062499999999999,0.23234800559317265
2051.0,0.00037000000000000005,0.00033000000000000005,0.8918918918918919,0.21355188234183342
2053.0,0.00028000000000000003,0.00023,0.8214285714285714,0.23115961317636863
2055.0,0.00025,0.00032,1.28,0.341666504065002
2057.0,0.00035000000000000005,0.00029,0.8285714285714284,0.20805919767606842
2059.0,0.00024000000000000003,0.00030000000000000003,1.25,0.3423265984407288
2061.0,0.00028000000000000003,0.00024000000000000003,0.8571428571428572,0.23843513154179435
2063.0,0.00026000000000000003,0.00021,0.8076923076923076,0.23697282963353486
2065.0,0.00021,0.00024000000000000003,1.142857142857143,0.3414938883812554
2067.0,0.00036,0.00029,0.8055555555555555,0.20100271616752233
2069.0,0.00039000000000000005,0.00030000000000000003,0.7692307692307692,0.1868048992907546
2071.0,0.00024000000000000003,0.00027,1.1249999999999998,0.3156095293238149
2073.0,0.00028000000000000003,0.00024000000000000003,0.8571428571428572,0.23843513154179435
2075.0,0.00029,0.00033000000000000005,1.137931034482759,0.28963818533508084
2077.0,0.00027,0.00032,1.1851851851851853,0.30971008596258076
2079.0,0.00030000000000000003,0.00026000000000000003,0.8666666666666667,0.2322195640464557
2081.0,0.00024000000000000003,0.00024000000000000003,1.0,0.2886751345948129
2083.0,0.00027,0.00030000000000000003,1.1111111111111112,0.2947490465756376
2085.0,0.00027,0.00036,1.3333333333333335,0.3394500514782104
2087.0,0.00029,0.00026000000000000003,0.8965517241379312,0.24214249995096776
2089.0,0.00025,0.00023,0.92,0.2658119636133784
2091.0,0.00033000000000000005,0.00034,1.0303030303030303,0.25177114214462143
2093.0,0.00033000000000000005,0.00023,0.6969696969696969,0.18931587004373404
2095.0,0.00033000000000000005,0.00026000000000000003,0.7878787878787878,0.20660544833293384
2097.0,0.00036,0.00034,0.9444444444444444,0.2258576095861198
2099.0,0.00032,0.00027,0.8437499999999999,0.22048696549484506
2101.0,0.00027,0.00028000000000000003,1.0370370370370372,0.2797143286908054
2103.0,0.00034,0.00031,0.9117647058823529,0.22642227498864143
2105.0,0.00021,0.00029,1.380952380952381,0.39568998563753166
2107.0,0.00032,0.00023,0.71875,0.1964808803118639
2109.0,0.00033000000000000005,0.00033000000000000005,1.0,0.24618298195866545
2111.0,0.0002,0.00019,0.95,0.3043435558706641
2113.0,0.00033000000000000005,0.00023,0.6969696969696969,0.18931587004373404
2115.0,0.00023,0.00033000000000000005,1.4347826086956523,0.3897258647970254
2117.0,0.00038,0.00026000000000000003,0.6842105263157895,0.17414109302494973
2119.0,0.00030000000000000003,0.00031,1.0333333333333332,0.2646451152714462
2121.0,0.00022,0.00024000000000000003,1.090909090909091,0.32199602874013483
2123.0,0.00026000000000000003,0.00026000000000000003,1.0,0.2773500981126146
2125.0,0.00024000000000000003,0.00028000000000000003,1.1666666666666665,0.3245367068207756
2127.0,0.00031,0.00030000000000000003,0.9677419354838711,0.24784662200239502
2129.0,0.00028000000000000003,0.00029,1.0357142857142856,0.27440964993359174
2131.0,0.0002,0.00030000000000000003,1.5,0.4330127018922194
2133.0,0.00026000000000000003,0.00024000000000000003,0.9230769230769231,0.2612947001872144
2135.0,0.00026000000000000003,0.0004,1.5384615384615383,0.38756267204290684
2137.0,0.00017,0.00032,1.8823529411764706,0.5649365157635585
2139.0,0.00042,0.0002,0.4761904761904762,0.12937099161538243
2141.0,0.00032,0.00023,0.71875,0.1964808803118639
2143.0,0.00034,0.00029,0.8529411764705882,0.2156010631719407
2145.0,0.00022,0.00030000000000000003,1.3636363636363638,0.38276152650940204
2147.0,0.00025,0.00012000000000000002,0.48000000000000004,0.16857046004564383
2149.0,0.00017,0.00023,1.352941176470588,0.43273351421075384
2151.0,0.00021,0.00019,0.9047619047619048,0.28646914643725635
2153.0,0.00028000000000000003,0.00025,0.8928571428571428,0.24568061587064058
2155.0,0.00015000000000000001,0.00030000000000000003,2.0,0.6324555320336759
2157.0,0.00027,0.00018,0.6666666666666667,0.20286020648339487
2159.0,0.00037000000000000005,0.0002,0.5405405405405405,0.15002023435671352
2161.0,0.00019,0.00028000000000000003,1.473684210526316,0.43802363327738414
2163.0,0.0002,0.00025,1.25,0.37500000000000006
2165.0,0.00029,0.00018,0.6206896551724138,0.1862465276890361
2167.0,0.00031,0.00016,0.5161290322580646,0.1588789567866166
2169.0,0.00026000000000000003,0.00026000000000000003,1.0,0.2773500981126146
2171.0,0.00022,0.00021,0.9545454545454546,0.2912123935408066
2173.0,0.00027,0.00022,0.8148148148148149,0.23402579766441042
2175.0,0.00029,0.00030000000000000003,1.0344827586206897,0.2693950653942351
2177.0,0.00021,0.00032,1.523809523809524,0.42794108343167164
2179.0,0.00023,0.00023,1.0,0.29488391230979427
2181.0,0.00028000000000000003,0.00025,0.8928571428571428,0.24568061587064058
2183.0,0.00028000000000000003,0.00036,1.2857142857142856,0.32396954829362334
2185.0,0.00022,0.0002,0.9090909090909091,0.2808701730242385
2187.0,0.00023,0.0002,0.8695652173913043,0.2658627371152993
2189.0,0.00025,0.00021,0.84,0.24864432428672087
2191.0,0.00024000000000000003,0.00022,0.9166666666666665,0.27056610748302995
2193.0,0.00023,0.00023,1.0,0.29488391230979427
2195.0,0.00029,0.00029,1.0,0.26261286571944514
2197.0,0.00014000000000000001,0.00021,1.5,0.5175491695067655
2199.0,0.00019,0.00026000000000000003,1.368421052631579,0.4130118661425765
2201.0,0.00015000000000000001,0.00015000000000000001,1.0,0.3651483716701107
2203.0,0.00025,0.00023,0.92,0.2658119636133784
2205.0,0.00026000000000000003,0.00024000000000000003,0.9230769230769231,0.2612947001872144
2207.0,0.0002,0.00027,1.3499999999999999,0.3982775414205527
2209.0,0.00016,0.00022,1.375,0.45177600921253
2211.0,0.00022,0.0002,0.9090909090909091,0.2808701730242385
2213.0,0.00022,0.00034,1.5454545454545454,0.4228627704286292
2215.0,0.00021,0.00033000000000000005,1.5714285714285716,0.4386568420449934
2217.0,0.00031,0.00029,0.935483870967742,0.24167519817552335
2219.0,0.00016,0.00027,1.6874999999999998,0.5323976574187756
2221.0,0.00018,0.00021,1.1666666666666667,0.37474271008977894
2223.0,0.00019,0.00022,1.1578947368421053,0.362637629658963
2225.0,0.00025,0.00024000000000000003,0.9600000000000001,0.274342851191716
2227.0,0.0002,0.00021,1.05,0.328062494046485
2229.0,0.00018,0.00019,1.0555555555555556,0.3471913566528273
2231.0,0.00018,0.00026000000000000003,1.4444444444444444,0.44289854604079254
2233.0,0.00018,0.0002,1.1111111111111112,0.36099238314107274
2235.0,0.00015000000000000001,0.00029,1.9333333333333331,0.6148772837518671
2237.0,0.00021,0.0002,0.9523809523809524,0.29756235287663035
2239.0,0.00023,0.00023,1.0,0.29488391230979427
2241.0,0.00023,0.00025,1.0869565217391304,0.31405005152809357
2243.0,0.00021,0.00016,0.761904761904762,0.2528319249844237
2245.0,0.00021,0.00024000000000000003,1.142857142857143,0.3414938883812554
2247.0,0.00017,0.00017,1.0,0.3429971702850177
2249.0,0.00029,0.00025,0.8620689655172414,0.23527180662793556
2251.0,0.00025,0.00022,0.88,0.2572469630530165
2253.0,0.00015000000000000001,0.00032,2.1333333333333333,0.6675549637517719
2255.0,0.00024000000000000003,0.00034,1.4166666666666665,0.3776909622468652
2257.0,0.00026000000000000003,0.00015000000000000001,0.5769230769230769,0.1870585381031489
2259.0,0.00021,0.00016,0.761904761904762,0.2528319249844237
2261.0,0.00022,0.00014000000000000001,0.6363636363636364,0.21756110051385427
2263.0,0.00017,0.00026000000000000003,1.5294117647058825,0.47703200723336875
2265.0,0.00015000000000000001,0.00019,1.2666666666666666,0.4375013227493231
2267.0,0.00018,0.00023,1.2777777777777777,0.4021120509371937
2269.0,0.00023,0.00017,0.7391304347826088,0.23640829037222658
2271.0,0.00025,0.00015000000000000001,0.6000000000000001,0.19595917942265426
2273.0,0.00022,0.00019,0.8636363636363636,0.27047971964232576
2275.0,0.00014000000000000001,0.00025,1.7857142857142856,0.5960878288544859
2277.0,0.00019,0.00028000000000000003,1.473684210526316,0.43802363327738414
2279.0,0.00023,0.0002,0.8695652173913043,0.2658627371152993
2281.0,0.00019,0.00025,1.3157894736842104,0.4004662685540432
2283.0,0.00019,0.00024000000000000003,1.2631578947368423,0.387890771506134
2285.0,0.00028000000000000003,0.00027,0.9642857142857142,0.26009151226479227
2287.0,0.00024000000000000003,0.00019,0.7916666666666666,0.243105153669643
2289.0,0.00021,0.00021,1.0,0.3086066999241838
2291.0,0.00022,0.0002,0.9090909090909091,0.2808701730242385
2293.0,0.00022,0.00019,0.8636363636363636,0.27047971964232576
2295.0,0.00013000000000000002,0.0002,1.5384615384615383,0.5480963870726349
2297.0,0.00021,0.00021,1.0,0.3086066999241838
2299.0,0.00025,0.00016,0.64,0.20489997559785117
2301.0,0.0002,0.00024000000000000003,1.2000000000000002,0.3633180424916991
2303.0,0.00029,0.00017,0.5862068965517242,0.17906321577978407
2305.0,0.00025,0.00023,0.92,0.2658119636133784
2307.0,0.00012000000000000002,0.00017,1.4166666666666665,0.5341356811952613
2309.0,0.00021,0.00018,0.8571428571428572,0.2753211747598376
2311.0,0.00016,0.0002,1.25,0.4192627457812106
2313.0,0.00017,0.00025,1.4705882352941175,0.4622972047019857
2315.0,0.00027,0.0002,0.7407407407407408,0.21853363040908239
2317.0,0.00018,0.00025,1.3888888888888888,0.4293341896062826
2319.0,0.00021,0.00019,0.9047619047619048,0.28646914643725635
2321.0,0.00022,0.00027,1.2272727272727273,0.35248926962263466
2323.0,0.00021,0.0002,0.9523809523809524,0.29756235287663035
2325.0,0.00022,0.00016,0.7272727272727273,0.23895590569918942
2327.0,0.00021,0.00013000000000000002,0.6190476190476191,0.2184651627121909
2329.0,0.00015000000000000001,0.00024000000000000003,1.6,0.5266244708835067
2331.0,0.00022,0.00015000000000000001,0.6818181818181819,0.2283034478770458
2333.0,0.0002,0.00017,0.85,0.28040149785619906
2335.0,0.00017,0.00019,1.1176470588235294,0.3731252752030054
2337.0,0.00021,0.00021,1.0,0.3086066999241838
2339.0,0.00024000000000000003,0.00018,0.7499999999999999,0.23385358667337133
2341.0,0.00012000000000000002,0.00023,1.9166666666666665,0.6825367986280897
2343.0,0.00031,0.00013000000000000002,0.4193548387096775,0.13856561499868725
2345.0,0.00021,0.00012000000000000002,0.5714285714285715,0.20678481841592738
2347.0,8e-05,0.00015000000000000001,1.875,0.8208703460352311
2349.0,0.00014000000000000001,0.00025,1.7857142857142856,0.5960878288544859
2351.0,0.00017,0.00019,1.1176470588235294,0.3731252752030054
2353.0,0.00019,0.00025,1.3157894736842104,0.4004662685540432
2355.0,0.00027,0.00021,0.7777777777777778,0.22630003431880694
2357.0,0.00029,0.00019,0.6551724137931034,0.19337504257080737
2359.0,0.00019,0.00022,1.1578947368421053,0.362637629658963
2361.0,0.0001,9e-05,0.9,0.4135214625627067
2363.0,0.00017,0.00016,0.9411764705882353,0.32782613930316984
2365.0,0.00019,3.0000000000000004e-05,0.15789473684210528,0.09809380171537824
2367.0,0.0002,0.0002,1.0,0.316227766016838
2369.0,0.00016,0.00013000000000000002,0.8125,0.30338262248355624
2371.0,0.00013000000000000002,0.00024000000000000003,1.8461538461538463,0.635757444665718
2373.0,0.0001,0.00012000000000000002,1.2000000000000002,0.5138093031466052
2375.0,0.00015000000000000001,0.00015000000000000001,1.0,0.3651483716701107
2377.0,0.00018,0.00013000000000000002,0.7222222222222222,0.2628716586403405
2379.0,0.00013000000000000002,0.00011,0.846153846153846,0.3466465920917588
2381.0,0.00018,0.00016,0.888888888888889,0.3054152315272341
2383.0,0.00017,0.00015000000000000001,0.8823529411764706,0.3125699596023866
2385.0,0.00018,0.0002,1.1111111111111112,0.36099238314107274
2387.0,0.00014000000000000001,0.00018,1.2857142857142856,0.4581621289927275
2389.0,0.00011,0.00013000000000000002,1.1818181818181819,0.4841592897810516
2391.0,0.00019,0.00018,0.9473684210526316,0.3116066469681885
2393.0,0.00014000000000000001,0.0001,0.7142857142857142,0.2957423825752946
2395.0,0.00013000000000000002,0.00016,1.2307692307692306,0.45956184234195496
2397.0,0.00014000000000000001,0.00021,1.5,0.5175491695067655
2399.0,0.00015000000000000001,0.00013000000000000002,0.8666666666666667,0.3284080569228652
2401.0,0.00017,0.00018,1.0588235294117647,0.3580938749618064
2403.0,0.00018,0.00011,0.611111111111111,0.2338764988947239
2405.0,0.00022,0.00011,0.5,0.1846372364689991
2407.0,0.00018,0.00014000000000000001,0.7777777777777778,0.2771598064276994
2409.0,0.00011,0.00019,1.7272727272727273,0.6544076990026167
2411.0,0.00019,0.00015000000000000001,0.7894736842105263,0.2726808798299105
2413.0,0.00021,0.0002,0.9523809523809524,0.29756235287663035
2415.0,0.00018,0.00012000000000000002,0.6666666666666667,0.24845199749997665
2417.0,0.00018,0.00014000000000000001,0.7777777777777778,0.2771598064276994
2419.0,0.00015000000000000001,0.00016,1.0666666666666667,0.3833574871617391
2421.0,0.00013000000000000002,0.00015000000000000001,1.1538461538461537,0.43722966158369625
2423.0,0.0002,0.00012000000000000002,0.6000000000000001,0.21908902300206645
2425.0,0.00012000000000000002,0.00014000000000000001,1.1666666666666665,0.4589642122738418
2427.0,0.00026000000000000003,0.00016,0.6153846153846153,0.1955350490160746
2429.0,0.00022,0.00017,0.7727272727272727,0.24952998642391314
2431.0,0.00016,0.00019,1.1875,0.4029311549446133
2433.0,0.00013000000000000002,9e-05,0.6923076923076923,0.300204754886765
2435.0,0.00019,0.00019,1.0,0.3244428422615251
2437.0,0.00016,5e-05,0.3125,0.16010860571811872
2439.0,0.00022,0.00016,0.7272727272727273,0.23895590569918942
2441.0,0.00015000000000000001,0.00011,0.7333333333333333,0.2911026292233389
2443.0,0.00012000000000000002,0.00017,1.4166666666666665,0.5341356811952613
2445.0,0.00012000000000000002,8e-05,0.6666666666666666,0.30429030972509225
2447.0,0.00015000000000000001,0.00014000000000000001,0.9333333333333333,0.346837564713363
2449.0,0.00015000000000000001,0.00011,0.7333333333333333,0.2911026292233389
2451.0,0.00017,0.00022,1.2941176470588234,0.4178979703431624
2453.0,0.00013000000000000002,0.00015000000000000001,1.1538461538461537,0.43722966158369625
2455.0,0.00012000000000000002,0.00019,1.5833333333333333,0.5838291543606584
2457.0,0.00016,0.00013000000000000002,0.8125,0.30338262248355624
2459.0,0.00019,0.00013000000000000002,0.6842105263157895,0.24627269552235867
2461.0,8e-05,0.00016,2.0,0.8660254037844387
2463.0,0.00013000000000000002,0.0002,1.5384615384615383,0.5480963870726349
2465.0,0.0001,0.00016,1.6,0.644980619863884
2467.0,0.0001,0.00017,1.7,0.677495387438173
2469.0,0.00015000000000000001,0.00015000000000000001,1.0,0.3651483716701107
2471.0,0.00016,8e-05,0.5,0.21650635094610965
2473.0,0.0001,0.00012000000000000002,1.2000000000000002,0.5138093031466052
2475.0,0.00021,6.000000000000001e-05,0.28571428571428575,0.13226001425322165
2477.0,0.00018,8e-05,0.4444444444444445,0.18885257457751053
2479.0,0.0001,0.00011,1.1,0.48062459362791665
2481.0,0.00013000000000000002,0.00016,1.2307692307692306,0.45956184234195496
2483.0,0.00016,6.000000000000001e-05,0.375,0.1795175827043134
2485.0,0.00022,4e-05,0.18181818181818182,0.09882860118265618
2487.0,0.00011,0.00013000000000000002,1.1818181818181819,0.4841592897810516
2489.0,0.00012000000000000002,0.00013000000000000002,1.0833333333333333,0.4336804165554443
2491.0,9e-05,0.00011,1.222222222222222,0.5493480360811602
2493.0,0.00011,0.00016,1.4545454545454546,0.5697086922186475
2495.0,0.00012000000000000002,0.00014000000000000001,1.1666666666666665,0.4589642122738418
2497.0,0.0001,0.0001,1.0,0.4472135954999579
2499.0,0.00015000000000000001,8e-05,0.5333333333333333,0.23349200953891017
2501.0,0.00016,0.00015000000000000001,0.9375,0.33693529145074724
2503.0,0.00013000000000000002,7.000000000000001e-05,0.5384615384615384,0.252434662813036
2505.0,0.00012000000000000002,0.00018,1.4999999999999998,0.5590169943749473
2507.0,0.00015000000000000001,0.00011,0.7333333333333333,0.2911026292233389
2509.0,8e-05,0.00012000000000000002,1.5,0.6846531968814576
2511.0,0.0001,9e-05,0.9,0.4135214625627067
2513.0,0.00018,9e-05,0.5,0.2041241452319315
2515.0,0.00014000000000000001,0.00013000000000000002,0.9285714285714286,0.3576526973126915
2517.0,0.00016,6.000000000000001e-05,0.375,0.1795175827043134
2519.0,8e-05,0.00013000000000000002,1.625,0.7302075903467452
2521.0,7.000000000000001e-05,0.00014000000000000001,2.0,0.9258200997725514
2523.0,0.0001,0.00011,1.1,0.48062459362791665
2525.0,0.00013000000000000002,8e-05,0.6153846153846153,0.27652831823782065
2527.0,9e-05,0.00012000000000000002,1.3333333333333335,0.5879447357921312
2529.0,5e-05,9e-05,1.8,1.0039920318408908
2531.0,6.000000000000001e-05,9e-05,1.4999999999999998,0.7905694150420949
2533.0,0.00012000000000000002,0.0001,0.8333333333333333,0.3568120160740313
2535.0,0.00015000000000000001,7.000000000000001e-05,0.4666666666666667,0.21361093050129626
2537.0,9e-05,5e-05,0.5555555555555556,0.30987408390150945
2539.0,7.000000000000001e-05,0.00011,1.5714285714285714,0.7597759375096442
2541.0,0.0001,8e-05,0.8,0.37947331922020555
2543.0,0.00019,0.00013000000000000002,0.6842105263157895,0.24627269552235867
2545.0,9e-05,0.00014000000000000001,1.5555555555555556,0.664605868330606
2547.0,0.0001,9e-05,0.9,0.4135214625627067
2549.0,0.0001,7.000000000000001e-05,0.7000000000000001,0.3449637662132068
2551.0,6.000000000000001e-05,6.000000000000001e-05,1.0,0.5773502691896258
2553.0,0.00012000000000000002,7.000000000000001e-05,0.5833333333333333,0.2774303382699747
2555.0,7.000000000000001e-05,8e-05,1.1428571428571428,0.5914847651505892
2557.0,0.00017,0.00016,0.9411764705882353,0.32782613930316984
2559.0,0.00013000000000000002,0.00014000000000000001,1.0769230769230769,0.41479247735673097
2561.0,7.000000000000001e-05,9e-05,1.2857142857142856,0.6479390965872467
2563.0,0.00014000000000000001,0.00011,0.7857142857142857,0.3165733072956851
2565.0,0.00014000000000000001,5e-05,0.3571428571428571,0.18606716866133133
2567.0,0.0001,8e-05,0.8,0.37947331922020555
2569.0,5e-05,0.00018,3.6,1.8198901065723723
2571.0,0.00015000000000000001,0.00014000000000000001,0.9333333333333333,0.346837564713363
2573.0,7.000000000000001e-05,0.00012000000000000002,1.7142857142857144,0.8153054838954359
2575.0,0.00013000000000000002,0.00011,0.846153846153846,0.3466465920917588
2577.0,0.00014000000000000001,0.00012000000000000002,0.8571428571428572,0.3371981967726185
2579.0,6.000000000000001e-05,0.00012000000000000002,2.0,1.0
2581.0,0.00021,0.00012000000000000002,0.5714285714285715,0.20678481841592738
2583.0,9e-05,6.000000000000001e-05,0.6666666666666667,0.35136418446315326
2585.0,0.0001,9e-05,0.9,0.4135214625627067
2587.0,0.00011,0.0001,0.9090909090909091,0.3972104079569559
2589.0,8e-05,0.00014000000000000001,1.75,0.7756046028744286
2591.0,4e-05,0.0001,2.5,1.4790199457749038
2593.0,0.00012000000000000002,9e-05,0.7499999999999999,0.33071891388307384
2595.0,8e-05,9e-05,1.125,0.5466517401417469
2597.0,0.00014000000000000001,5e-05,0.3571428571428571,0.18606716866133133
2599.0,6.000000000000001e-05,7.000000000000001e-05,1.1666666666666665,0.6490734136415512
2601.0,0.00013000000000000002,0.00016,1.2307692307692306,0.45956184234195496
2603.0,0.00011,5e-05,0.45454545454545453,0.24516358635026989
2605.0,9e-05,5e-05,0.5555555555555556,0.30987408390150945
2607.0,9e-05,8e-05,0.888888888888889,0.4319223625811333
2609.0,7.000000000000001e-05,6.000000000000001e-05,0.8571428571428572,0.4768702630835887
2611.0,8e-05,9e-05,1.125,0.5466517401417469
2613.0,0.00012000000000000002,0.0001,0.8333333333333333,0.3568120160740313
2615.0,0.0001,9e-05,0.9,0.4135214625627067
2617.0,9e-05,7.000000000000001e-05,0.7777777777777778,0.39196315719475416
2619.0,8e-05,9e-05,1.125,0.5466517401417469
2621.0,0.00016,7.000000000000001e-05,0.4375,0.19825902406952375
2623.0,7.000000000000001e-05,8e-05,1.1428571428571428,0.5914847651505892
2625.0,0.00016,6.000000000000001e-05,0.375,0.1795175827043134
2627.0,0.00011,6.000000000000001e-05,0.5454545454545455,0.27682866486684676
2629.0,0.00017,0.00015000000000000001,0.8823529411764706,0.3125699596023866
2631.0,8e-05,5e-05,0.625,0.3563048203434806
2633.0,7.000000000000001e-05,0.00016,2.2857142857142856,1.0358022481999607
2635.0,0.0001,8e-05,0.8,0.37947331922020555
2637.0,8e-05,0.00012000000000000002,1.5,0.6846531968814576
2639.0,0.0001,0.0001,1.0,0.4472135954999579
2641.0,0.00016,3.0000000000000004e-05,0.1875,0.11796616305110545
2643.0,0.00013000000000000002,8e-05,0.6153846153846153,0.27652831823782065
2645.0,7.000000000000001e-05,6.000000000000001e-05,0.8571428571428572,0.4768702630835887
2647.0,7.000000000000001e-05,6.000000000000001e-05,0.8571428571428572,0.4768702630835887
2649.0,9e-05,0.00011,1.222222222222222,0.5493480360811602
2651.0,7.000000000000001e-05,5e-05,0.7142857142857142,0.41824288840651425
2653.0,0.00014000000000000001,6.000000000000001e-05,0.4285714285714286,0.20912144420325712
2655.0,6.000000000000001e-05,9e-05,1.4999999999999998,0.7905694150420949
2657.0,9e-05,7.000000000000001e-05,0.7777777777777778,0.39196315719475416
2659.0,7.000000000000001e-05,9e-05,1.2857142857142856,0.6479390965872467
2661.0,6.000000000000001e-05,9e-05,1.4999999999999998,0.7905694150420949
2663.0,7.000000000000001e-05,7.000000000000001e-05,1.0,0.5345224838248487
2665.0,0.0001,0.0001,1.0,0.4472135954999579
2667.0,5e-05,8e-05,1.6,0.9121403400793106
2669.0,2e-05,0.00012000000000000002,6.0,4.582575694955841
2671.0,5e-05,0.00012000000000000002,2.4000000000000004,1.2774975538137052
2673.0,6.000000000000001e-05,6.000000000000001e-05,1.0,0.5773502691896258
2675.0,6.000000000000001e-05,7.000000000000001e-05,1.1666666666666665,0.6490734136415512
2677.0,7.000000000000001e-05,0.00014000000000000001,2.0,0.9258200997725514
2679.0,0.00014000000000000001,4e-05,0.2857142857142857,0.16198477414681167
2681.0,5e-05,7.000000000000001e-05,1.4000000000000001,0.8197560612767679
2683.0,9e-05,9e-05,1.0,0.47140452079103173
2685.0,9e-05,5e-05,0.5555555555555556,0.30987408390150945
2687.0,0.00011,6.000000000000001e-05,0.5454545454545455,0.27682866486684676
2689.0,0.00012000000000000002,8e-05,0.6666666666666666,0.30429030972509225
2691.0,9e-05,3.0000000000000004e-05,0.33333333333333337,0.22222222222222224
2693.0,6.000000000000001e-05,0.00012000000000000002,2.0,1.0
2695.0,7.000000000000001e-05,5e-05,0.7142857142857142,0.41824288840651425
2697.0,3.0000000000000004e-05,6.000000000000001e-05,2.0,1.4142135623730951
2699.0,9e-05,8e-05,0.888888888888889,0.4319223625811333
2701.0,7.000000000000001e-05,5e-05,0.7142857142857142,0.41824288840651425
2703.0,6.000000000000001e-05,5e-05,0.8333333333333333,0.504608392349582
2705.0,5e-05,6.000000000000001e-05,1.2000000000000002,0.7266360849833982
2707.0,0.0001,5e-05,0.5,0.2738612787525831
2709.0,5e-05,7.000000000000001e-05,1.4000000000000001,0.8197560612767679
2711.0,9e-05,6.000000000000001e-05,0.6666666666666667,0.35136418446315326
2713.0,8e-05,6.000000000000001e-05,0.75,0.4050462936504913
2715.0,5e-05,4e-05,0.8,0.5366563145999497
2717.0,8e-05,4e-05,0.5,0.30618621784789724
2719.0,5e-05,8e-05,1.6,0.9121403400793106
2721.0,3.0000000000000004e-05,5e-05,1.6666666666666665,1.2171612389003692
2723.0,5e-05,6.000000000000001e-05,1.2000000000000002,0.7266360849833982
2725.0,0.0001,8e-05,0.8,0.37947331922020555
2727.0,9e-05,8e-05,0.888888888888889,0.4319223625811333
2729.0,3.0000000000000004e-05,4e-05,1.3333333333333333,1.018350154434631
2731.0,0.0001,4e-05,0.4,0.23664319132398465
2733.0,9e-05,8e-05,0.888888888888889,0.4319223625811333
2735.0,4e-05,4e-05,1.0,0.7071067811865476
2737.0,5e-05,0.00011,2.2,1.1865917579353062
2739.0,4e-05,7.000000000000001e-05,1.75,1.0968705484240153
2741.0,4e-05,3.0000000000000004e-05,0.75,0.57282196186948
2743.0,3.0000000000000004e-05,3.0000000000000004e-05,1.0,0.816496580927726
2745.0,9e-05,3.0000000000000004e-05,0.33333333333333337,0.22222222222222224
2747.0,7.000000000000001e-05,6.000000000000001e-05,0.8571428571428572,0.4768702630835887
2749.0,0.0001,6.000000000000001e-05,0.6000000000000001,0.3098386676965934
2751.0,8e-05,4e-05,0.5,0.30618621784789724
2753.0,3.0000000000000004e-05,0.0,0.0,0.0
2755.0,7.000000000000001e-05,6.000000000000001e-05,0.8571428571428572,0.4768702630835887
2757.0,5e-05,2e-05,0.4,0.33466401061363027
2759.0,1e-05,3.0000000000000004e-05,3.0,3.4641016151377544
2761.0,6.000000000000001e-05,3.0000000000000004e-05,0.5,0.3535533905932738
2763.0,4e-05,4e-05,1.0,0.7071067811865476
2765.0,4e-05,2e-05,0.5,0.4330127018922193
2767.0,7.000000000000001e-05,4e-05,0.5714285714285714,0.35816181173029066
2769.0,6.000000000000001e-05,3.0000000000000004e-05,0.5,0.3535533905932738
2771.0,5e-05,3.0000000000000004e-05,0.6000000000000001,0.4381780460041329
2773.0,1e-05,6.000000000000001e-05,6.0,6.48074069840786
2775.0,2e-05,9e-05,4.5,3.517811819867572
2777.0,2e-05,3.0000000000000004e-05,1.5,1.3693063937629153
2779.0,6.000000000000001e-05,2e-05,0.3333333333333333,0.2721655269759086
2781.0,4e-05,3.0000000000000004e-05,0.75,0.57282196186948
2783.0,6.000000000000001e-05,6.000000000000001e-05,1.0,0.5773502691896258
2785.0,1e-05,4e-05,4.0,4.47213595499958
2787.0,2e-05,4e-05,2.0,1.7320508075688774
2789.0,3.0000000000000004e-05,4e-05,1.3333333333333333,1.018350154434631
2791.0,5e-05,7.000000000000001e-05,1.4000000000000001,0.8197560612767679
2793.0,6.000000000000001e-05,3.0000000000000004e-05,0.5,0.3535533905932738
2795.0,2e-05,5e-05,2.5,2.091650066335189
2797.0,2e-05,0.0,0.0,0.0
2799.0,3.0000000000000004e-05,3.0000000000000004e-05,1.0,0.816496580927726
2801.0,5e-05,2e-05,0.4,0.33466401061363027
2803.0,1e-05,3.0000000000000004e-05,3.0,3.4641016151377544
2805.0,1e-05,5e-05,5.0,5.47722557505166
2807.0,0.0,5e-05,,
2809.0,2e-05,2e-05,1.0,1.0
2811.0,2e-05,4e-05,2.0,1.7320508075688774
2813.0,1e-05,3.0000000000000004e-05,3.0,3.4641016151377544
2815.0,6.000000000000001e-05,4e-05,0.6666666666666666,0.4303314829119352
2817.0,2e-05,1e-05,0.5,0.6123724356957945
2819.0,7.000000000000001e-05,2e-05,0.2857142857142857,0.22908106449636376
2821.0,2e-05,4e-05,2.0,1.7320508075688774
2823.0,4e-05,4e-05,1.0,0.7071067811865476
2825.0,0.0,0.0,,
2827.0,3.0000000000000004e-05,2e-05,0.6666666666666666,0.6085806194501845
2829.0,2e-05,2e-05,1.0,1.0
2831.0,0.0,3.0000000000000004e-05,,
2833.0,1e-05,1e-05,1.0,1.4142135623730951
2835.0,2e-05,0.0,0.0,0.0
2837.0,2e-05,6.000000000000001e-05,3.0,2.4494897427831783
2839.0,2e-05,2e-05,1.0,1.0
2841.0,0.0,3.0000000000000004e-05,,
2843.0,2e-05,0.0,0.0,0.0
2845.0,0.0,1e-05,,
2847.0,1e-05,0.0,0.0,0.0
2849.0,2e-05,3.0000000000000004e-05,1.5,1.3693063937629153
2851.0,0.0,1e-05,,
2853.0,2e-05,2e-05,1.0,1.0
2855.0,1e-05,2e-05,2.0,2.449489742783178
2857.0,1e-05,1e-05,1.0,1.4142135623730951
2859.0,2e-05,0.0,0.0,0.0
2861.0,2e-05,2e-05,1.0,1.0
2863.0,1e-05,1e-05,1.0,1.4142135623730951
2865.0,0.0,2e-05,,
2867.0,0.0,0.0,,
2869.0,0.0,0.0,,
2871.0,1e-05,0.0,0.0,0.0
2873.0,1e-05,1e-05,1.0,1.4142135623730951
2875.0,0.0,0.0,,
2877.0,0.0,0.0,,
2879.0,0.0,0.0,,
2881.0,1e-05,0.0,0.0,0.0
2883.0,0.0,0.0,,
2885.0,0.0,0.0,,
2887.0,0.0,0.0,,
2889.0,0.0,0.0,,
2891.0,0.0,0.0,,
2893.0,0.0,0.0,,
2895.0,0.0,0.0,,
2897.0,0.0,0.0,,
2899.0,0.0,0.0,,
2901.0,0.0,0.0,,
2903.0,1e-05,0.0,0.0,0.0
2905.0,0.0,0.0,,
2907.0,0.0,0.0,,
2909.0,0.0,0.0,,
2911.0,0.0,0.0,,
2913.0,0.0,0.0,,
2915.0,0.0,0.0,,
2917.0,0.0,0.0,,
2919.0,0.0,0.0,,
2921.0,0.0,0.0,,
2923.0,0.0,0.0,,
2925.0,0.0,0.0,,
2927.0,0.0,0.0,,
2929.0,0.0,0.0,,
2931.0,0.0,0.0,,
2933.0,0.0,0.0,,
2935.0,0.0,0.0,,
2937.0,0.0,0.0,,
2939.0,0.0,0.0,,
2941.0,0.0,0.0,,
2943.0,0.0,0.0,,
2945.0,0.0,0.0,,
2947.0,0.0,0.0,,
2949.0,0.0,0.0,,
2951.0,0.0,0.0,,
2953.0,0.0,0.0,,
2955.0,0.0,0.0,,
2957.0,0.0,0.0,,
2959.0,0.0,0.0,,
2961.0,0.0,0.0,,
2963.0,0.0,0.0,,
2965.0,0.0,0.0,,
2967.0,0.0,0.0,,
2969.0,0.0,0.0,,
2971.0,0.0,0.0,,
2973.0,0.0,0.0,,
2975.0,0.0,0.0,,
2977.0,0.0,0.0,,
2979.0,0.0,0.0,,
2981.0,0.0,0.0,,
2983.0,0.0,0.0,,
2985.0,0.0,0.0,,
2987.0,0.0,0.0,,
2989.0,0.0,0.0,,
2991.0,0.0,0.0,,
2993.0,0.0,0.0,,
2995.0,0.0,0.0,,
2997.0,0.0,0.0,,
2999.0,0.0,0.0,,
3001.0,0.0,0.0,,
3003.0,0.0,0.0,,
3005.0,0.0,0.0,,
3007.0,0.0,0.0,,
3009.0,0.0,0.0,,
3011.0,0.0,0.0,,
3013.0,0.0,0.0,,
3015.0,0.0,0.0,,
3017.0,0.0,0.0,,
3019.0,0.0,0.0,,
3021.0,0.0,0.0,,
3023.0,0.0,0.0,,
3025.0,0.0,0.0,,
3027.0,0.0,0.0,,
3029.0,0.0,0.0,,
3031.0,0.0,0.0,,
3033.0,0.0,0.0,,
3035.0,0.0,0.0,,
3037.0,0.0,0.0,,
3039.0,0.0,0.0,,
3041.0,0.0,0.0,,
3043.0,0.0,0.0,,
3045.0,0.0,0.0,,
3047.0,0.0,0.0,,
3049.0,0.0,0.0,,
3051.0,0.0,0.0,,
3053.0,0.0,0.0,,
3055.0,0.0,0.0,,
3057.0,0.0,0.0,,
3059.0,0.0,0.0,,
3061.0,0.0,0.0,,
3063.0,0.0,0.0,,
3065.0,0.0,0.0,,
3067.0,0.0,0.0,,
3069.0,0.0,0.0,,
3071.0,0.0,0.0,,
3073.0,0.0,0.0,,
3075.0,0.0,0.0,,
3077.0,0.0,0.0,,
3079.0,0.0,0.0,,
3081.0,0.0,0.0,,
3083.0,0.0,0.0,,
3085.0,0.0,0.0,,
3087.0,0.0,0.0,,
3089.0,0.0,0.0,,
3091.0,0.0,0.0,,
3093.0,0.0,0.0,,
3095.0,0.0,0.0,,
3097.0,0.0,0.0,,
3099.0,0.0,0.0,,
3101.0,0.0,0.0,,
3103.0,0.0,0.0,,
3105.0,0.0,0.0,,
3107.0,0.0,0.0,,
3109.0,0.0,0.0,,
3111.0,0.0,0.0,,
3113.0,0.0,0.0,,
3115.0,0.0,0.0,,
3117.0,0.0,0.0,,
3119.0,0.0,0.0,,
3121.0,0.0,0.0,,
3123.0,0.0,0.0,,
3125.0,0.0,0.0,,
3127.0,0.0,0.0,,
3129.0,0.0,0.0,,
3131.0,0.0,0.0,,
3133.0,0.0,0.0,,
3135.0,0.0,0.0,,
3137.0,0.0,0.0,,
3139.0,0.0,0.0,,
3141.0,0.0,0.0,,
3143.0,0.0,0.0,,
3145.0,0.0,0.0,,
3147.0,0.0,0.0,,
3149.0,0.0,0.0,,
3151.0,0.0,0.0,,
3153.0,0.0,0.0,,
3155.0,0.0,0.0,,
3157.0,0.0,0.0,,
3159.0,0.0,0.0,,
3161.0,0.0,0.0,,
3163.0,0.0,0.0,,
3165.0,0.0,0.0,,
3167.0,0.0,0.0,,
3169.0,0.0,0.0,,
3171.0,0.0,0.0,,
3173.0,0.0,0.0,,
3175.0,0.0,0.0,,
3177.0,0.0,0.0,,
3179.0,0.0,0.0,,
3181.0,0.0,0.0,,
3183.0,0.0,0.0,,
3185.0,0.0,0.0,,
3187.0,0.0,0.0,,
3189.0,0.0,0.0,,
3191.0,0.0,0.0,,
3193.0,0.0,0.0,,
3195.0,0.0,0.0,,
3197.0,0.0,0.0,,
3199.0,0.0,0.0,,
3201.0,0.0,0.0,,
3203.0,0.0,0.0,,
3205.0,0.0,0.0,,
3207.0,0.0,0.0,,
3209.0,0.0,0.0,,
3211.0,0.0,0.0,,
3213.0,0.0,0.0,,
3215.0,0.0,0.0,,
3217.0,0.0,0.0,,
3219.0,0.0,0.0,,
3221.0,0.0,0.0,,
3223.0,0.0,0.0,,
3225.0,0.0,0.0,,
3227.0,0.0,0.0,,
3229.0,0.0,0.0,,
3231.0,0.0,0.0,,
3233.0,0.0,0.0,,
3235.0,0.0,0.0,,
3237.0,0.0,0.0,,
3239.0,0.0,0.0,,
3241.0,0.0,0.0,,
3243.0,0.0,0.0,,
3245.0,0.0,0.0,,
3247.0,0.0,0.0,,
3249.0,0.0,0.0,,
3251.0,0.0,0.0,,
3253.0,0.0,0.0,,
3255.0,0.0,0.0,,
3257.0,0.0,0.0,,
3259.0,0.0,0.0,,
3261.0,0.0,0.0,,
3263.0,0.0,0.0,,
3265.0,0.0,0.0,,
3267.0,0.0,0.0,,
3269.0,0.0,0.0,,
3271.0,0.0,0.0,,
3273.0,0.0,0.0,,
3275.0,0.0,0.0,,
3277.0,0.0,0.0,,
3279.0,0.0,0.0,,
3281.0,0.0,0.0,,
3283.0,0.0,0.0,,
3285.0,0.0,0.0,,
3287.0,0.0,0.0,,
3289.0,0.0,0.0,,
3291.0,0.0,0.0,,
3293.0,0.0,0.0,,
3295.0,0.0,0.0,,
3297.0,0.0,0.0,,
3299.0,0.0,0.0,,
3301.0,0.0,0.0,,
3303.0,0.0,0.0,,
3305.0,0.0,0.0,,
3307.0,0.0,0.0,,
3309.0,0.0,0.0,,
3311.0,0.0,0.0,,
3313.0,0.0,0.0,,
3315.0,0.0,0.0,,
3317.0,0.0,0.0,,
3319.0,0.0,0.0,,
3321.0,0.0,0.0,,
3323.0,0.0,0.0,,
3325.0,0.0,0.0,,
3327.0,0.0,0.0,,
3329.0,0.0,0.0,,
3331.0,0.0,0.0,,
3333.0,0.0,0.0,,
3335.0,0.0,0.0,,
3337.0,0.0,0.0,,
3339.0,0.0,0.0,,
3341.0,0.0,0.0,,
3343.0,0.0,0.0,,
3345.0,0.0,0.0,,
3347.0,0.0,0.0,,
3349.0,0.0,0.0,,
3351.0,0.0,0.0,,
3353.0,0.0,0.0,,
3355.0,0.0,0.0,,
3357.0,0.0,0.0,,
3359.0,0.0,0.0,,
3361.0,0.0,0.0,,
3363.0,0.0,0.0,,
3365.0,0.0,0.0,,
3367.0,0.0,0.0,,
3369.0,0.0,0.0,,
3371.0,0.0,0.0,,
3373.0,0.0,0.0,,
3375.0,0.0,0.0,,
3377.0,0.0,0.0,,
3379.0,0.0,0.0,,
3381.0,0.0,0.0,,
3383.0,0.0,0.0,,
3385.0,0.0,0.0,,
3387.0,0.0,0.0,,
3389.0,0.0,0.0,,
3391.0,0.0,0.0,,
3393.0,0.0,0.0,,
3395.0,0.0,0.0,,
3397.0,0.0,0.0,,
3399.0,0.0,0.0,,
3401.0,0.0,0.0,,
3403.0,0.0,0.0,,
3405.0,0.0,0.0,,
3407.0,0.0,0.0,,
3409.0,0.0,0.0,,
3411.0,0.0,0.0,,
3413.0,0.0,0.0,,
3415.0,0.0,0.0,,
3417.0,0.0,0.0,,
3419.0,0.0,0.0,,
3421.0,0.0,0.0,,
3423.0,0.0,0.0,,
3425.0,0.0,0.0,,
3427.0,0.0,0.0,,
3429.0,0.0,0.0,,
3431.0,0.0,0.0,,
3433.0,0.0,0.0,,
3435.0,0.0,0.0,,
3437.0,0.0,0.0,,
3439.0,0.0,0.0,,
3441.0,0.0,0.0,,
3443.0,0.0,0.0,,
3445.0,0.0,0.0,,
3447.0,0.0,0.0,,
3449.0,0.0,0.0,,
3451.0,0.0,0.0,,
3453.0,0.0,0.0,,
3455.0,0.0,0.0,,
3457.0,0.0,0.0,,
3459.0,0.0,0.0,,
3461.0,0.0,0.0,,
3463.0,0.0,0.0,,
3465.0,0.0,0.0,,
3467.0,0.0,0.0,,
3469.0,0.0,0.0,,
3471.0,0.0,0.0,,
3473.0,0.0,0.0,,
3475.0,0.0,0.0,,
3477.0,0.0,0.0,,
3479.0,0.0,0.0,,
3481.0,0.0,0.0,,
3483.0,0.0,0.0,,
3485.0,0.0,0.0,,
3487.0,0.0,0.0,,
3489.0,0.0,0.0,,
3491.0,0.0,0.0,,
3493.0,0.0,0.0,,
3495.0,0.0,0.0,,
3497.0,0.0,0.0,,
3499.0,0.0,0.0,,
3501.0,0.0,0.0,,
3503.0,0.0,0.0,,
3505.0,0.0,0.0,,
3507.0,0.0,0.0,,
3509.0,0.0,0.0,,
3511.0,0.0,0.0,,
3513.0,0.0,0.0,,
3515.0,0.0,0.0,,
3517.0,0.0,0.0,,
3519.0,0.0,0.0,,
3521.0,0.0,0.0,,
3523.0,0.0,0.0,,
3525.0,0.0,0.0,,
3527.0,0.0,0.0,,
3529.0,0.0,0.0,,
3531.0,0.0,0.0,,
3533.0,0.0,0.0,,
3535.0,0.0,0.0,,
3537.0,0.0,0.0,,
3539.0,0.0,0.0,,
3541.0,0.0,0.0,,
3543.0,0.0,0.0,,
3545.0,0.0,0.0,,
3547.0,0.0,0.0,,
3549.0,0.0,0.0,,
3551.0,0.0,0.0,,
3553.0,0.0,0.0,,
3555.0,0.0,0.0,,
3557.0,0.0,0.0,,
3559.0,0.0,0.0,,
3561.0,0.0,0.0,,
3563.0,0.0,0.0,,
3565.0,0.0,0.0,,
3567.0,0.0,0.0,,
3569.0,0.0,0.0,,
3571.0,0.0,0.0,,
3573.0,0.0,0.0,,
3575.0,0.0,0.0,,
3577.0,0.0,0.0,,
3579.0,0.0,0.0,,
3581.0,0.0,0.0,,
3583.0,0.0,0.0,,
3585.0,0.0,0.0,,
3587.0,0.0,0.0,,
3589.0,0.0,0.0,,
3591.0,0.0,0.0,,
3593.0,0.0,0.0,,
3595.0,0.0,0.0,,
3597.0,0.0,0.0,,
3599.0,0.0,0.0,,
3601.0,0.0,0.0,,
3603.0,0.0,0.0,,
3605.0,0.0,0.0,,
3607.0,0.0,0.0,,
3609.0,0.0,0.0,,
3611.0,0.0,0.0,,
3613.0,0.0,0.0,,
3615.0,0.0,0.0,,
3617.0,0.0,0.0,,
3619.0,0.0,0.0,,
3621.0,0.0,0.0,,
3623.0,0.0,0.0,,
3625.0,0.0,0.0,,
3627.0,0.0,0.0,,
3629.0,0.0,0.0,,
3631.0,0.0,0.0,,
3633.0,0.0,0.0,,
3635.0,0.0,0.0,,
3637.0,0.0,0.0,,
3639.0,0.0,0.0,,
3641.0,0.0,0.0,,
3643.0,0.0,0.0,,
3645.0,0.0,0.0,,
3647.0,0.0,0.0,,
3649.0,0.0,0.0,,
3651.0,0.0,0.0,,
3653.0,0.0,0.0,,
3655.0,0.0,0.0,,
3657.0,0.0,0.0,,
3659.0,0.0,0.0,,
3661.0,0.0,0.0,,
3663.0,0.0,0.0,,
3665.0,0.0,0.0,,
3667.0,0.0,0.0,,
3669.0,0.0,0.0,,
3671.0,0.0,0.0,,
3673.0,0.0,0.0,,
3675.0,0.0,0.0,,
3677.0,0.0,0.0,,
3679.0,0.0,0.0,,
3681.0,0.0,0.0,,
3683.0,0.0,0.0,,
3685.0,0.0,0.0,,
3687.0,0.0,0.0,,
3689.0,0.0,0.0,,
3691.0,0.0,0.0,,
3693.0,0.0,0.0,,
3695.0,0.0,0.0,,
3697.0,0.0,0.0,,
3699.0,0.0,0.0,,
3701.0,0.0,0.0,,
3703.0,0.0,0.0,,
3705.0,0.0,0.0,,
3707.0,0.0,0.0,,
3709.0,0.0,0.0,,
3711.0,0.0,0.0,,
3713.0,0.0,0.0,,
3715.0,0.0,0.0,,
3717.0,0.0,0.0,,
3719.0,0.0,0.0,,
3721.0,0.0,0.0,,
3723.0,0.0,0.0,,
3725.0,0.0,0.0,,
3727.0,0.0,0.0,,
3729.0,0.0,0.0,,
3731.0,0.0,0.0,,
3733.0,0.0,0.0,,
3735.0,0.0,0.0,,
3737.0,0.0,0.0,,
3739.0,0.0,0.0,,
3741.0,0.0,0.0,,
3743.0,0.0,0.0,,
3745.0,0.0,0.0,,
3747.0,0.0,0.0,,
3749.0,0.0,0.0,,
3751.0,0.0,0.0,,
3753.0,0.0,0.0,,
3755.0,0.0,0.0,,
3757.0,0.0,0.0,,
3759.0,0.0,0.0,,
3761.0,0.0,0.0,,
3763.0,0.0,0.0,,
3765.0,0.0,0.0,,
3767.0,0.0,0.0,,
3769.0,0.0,0.0,,
3771.0,0.0,0.0,,
3773.0,0.0,0.0,,
3775.0,0.0,0.0,,
3777.0,0.0,0.0,,
3779.0,0.0,0.0,,
3781.0,0.0,0.0,,
3783.0,0.0,0.0,,
3785.0,0.0,0.0,,
3787.0,0.0,0.0,,
3789.0,0.0,0.0,,
3791.0,0.0,0.0,,
3793.0,0.0,0.0,,
3795.0,0.0,0.0,,
3797.0,0.0,0.0,,
3799.0,0.0,0.0,,
3801.0,0.0,0.0,,
3803.0,0.0,0.0,,
3805.0,0.0,0.0,,
3807.0,0.0,0.0,,
3809.0,0.0,0.0,,
3811.0,0.0,0.0,,
3813.0,0.0,0.0,,
3815.0,0.0,0.0,,
3817.0,0.0,0.0,,
3819.0,0.0,0.0,,
3821.0,0.0,0.0,,
3823.0,0.0,0.0,,
3825.0,0.0,0.0,,
3827.0,0.0,0.0,,
3829.0,0.0,0.0,,
3831.0,0.0,0.0,,
3833.0,0.0,0.0,,
3835.0,0.0,0.0,,
3837.0,0.0,0.0,,
3839.0,0.0,0.0,,
3841.0,0.0,0.0,,
3843.0,0.0,0.0,,
3845.0,0.0,0.0,,
3847.0,0.0,0.0,,
3849.0,0.0,0.0,,
3851.0,0.0,0.0,,
3853.0,0.0,0.0,,
3855.0,0.0,0.0,,
3857.0,0.0,0.0,,
3859.0,0.0,0.0,,
3861.0,0.0,0.0,,
3863.0,0.0,0.0,,
3865.0,0.0,0.0,,
3867.0,0.0,0.0,,
3869.0,0.0,0.0,,
3871.0,0.0,0.0,,
3873.0,0.0,0.0,,
3875.0,0.0,0.0,,
3877.0,0.0,0.0,,
3879.0,0.0,0.0,,
3881.0,0.0,0.0,,
3883.0,0.0,0.0,,
3885.0,0.0,0.0,,
3887.0,0.0,0.0,,
3889.0,0.0,0.0,,
3891.0,0.0,0.0,,
3893.0,0.0,0.0,,
3895.0,0.0,0.0,,
3897.0,0.0,0.0,,
3899.0,0.0,0.0,,
3901.0,0.0,0.0,,
3903.0,0.0,0.0,,
3905.0,0.0,0.0,,
3907.0,0.0,0.0,,
3909.0,0.0,0.0,,
3911.0,0.0,0.0,,
3913.0,0.0,0.0,,
3915.0,0.0,0.0,,
3917.0,0.0,0.0,,
3919.0,0.0,0.0,,
3921.0,0.0,0.0,,
3923.0,0.0,0.0,,
3925.0,0.0,0.0,,
3927.0,0.0,0.0,,
3929.0,0.0,0.0,,
3931.0,0.0,0.0,,
3933.0,0.0,0.0,,
3935.0,0.0,0.0,,
3937.0,0.0,0.0,,
3939.0,0.0,0.0,,
3941.0,0.0,0.0,,
3943.0,0.0,0.0,,
3945.0,0.0,0.0,,
3947.0,0.0,0.0,,
3949.0,0.0,0.0,,
3951.0,0.0,0.0,,
3953.0,0.0,0.0,,
3955.0,0.0,0.0,,
3957.0,0.0,0.0,,
3959.0,0.0,0.0,,
3961.0,0.0,0.0,,
3963.0,0.0,0.0,,
3965.0,0.0,0.0,,
3967.0,0.0,0.0,,
3969.0,0.0,0.0,,
3971.0,0.0,0.0,,
3973.0,0.0,0.0,,
3975.0,0.0,0.0,,
3977.0,0.0,0.0,,
3979.0,0.0,0.0,,
3981.0,0.0,0.0,,
3983.0,0.0,0.0,,
3985.0,0.0,0.0,,
3987.0,0.0,0.0,,
3989.0,0.0,0.0,,
3991.0,0.0,0.0,,
3993.0,0.0,0.0,,
3995.0,0.0,0.0,,
3997.0,0.0,0.0,,
3999.0,0.0,0.0,,
